year,country,region,centroid.lon,centroid.lat,WEF_defacto_score,EF_PR_dejure_score,treatment_TRIPS,TRIPS_law_conformity,non_TRIPS_sum,EF_overall_score,EF_trade_freedom,borders_treated
2006,Albania,8,20,41,-1.594678307,-0.715162934,0,1,0,-0.110385913,-0.921887448,0
2007,Albania,8,20,41,-1.419538763,-0.715162934,0,1,0,-0.023974939,-0.116049296,0
2008,Albania,8,20,41,-1.244399218,-0.715162934,0,1,0,0.054580491,0.077948777,0
2009,Albania,8,20,41,-1.156829446,-0.715162934,0,1,0,0.156702551,0.077948777,0
2011,Albania,8,20,41,-0.718980584,-0.498302274,1,1,0,0.18026918,0.376407352,1
2012,Albania,8,20,41,-0.718980584,-0.498302274,1,1,0,0.266680153,0.376407352,1
2013,Albania,8,20,41,-0.806550357,-0.715162934,1,1,0,0.274535696,0.376407352,1
2014,Albania,8,20,41,-0.806550357,-0.715162934,1,1,0,0.408079928,0.950940109,1
2015,Albania,8,20,41,-0.54384104,-0.715162934,1,1,0,0.313813412,0.973324502,1
2016,Albania,8,20,41,-0.456271267,-0.498302274,1,1,0,0.329524498,0.958401573,1
2017,Albania,8,20,41,-0.368701495,0.325768231,1,1,0,0.211691352,0.965863037,1
2018,Albania,8,20,41,-0.281131723,0.330105445,1,1,0,0.219546895,0.973324502,1
2019,Albania,8,20,41,-0.631410812,0.360465937,1,1,0,0.376657756,0.973324502,1
2006,Algeria,1,2.632,28.163,-0.806550357,-0.715162934,0,1,0,-0.471740892,-1.02634795,0
2007,Algeria,1,2.632,28.163,-0.718980584,-0.715162934,0,1,0,-0.495307522,-0.653274731,0
2008,Algeria,1,2.632,28.163,-1.156829446,-0.715162934,0,1,0,-0.432463177,-0.444353729,0
2009,Algeria,1,2.632,28.163,-1.069259674,-0.715162934,0,1,0,-0.401041005,-0.459276657,0
2011,Algeria,1,2.632,28.163,-1.419538763,-0.715162934,0,1,0,-0.730973813,-0.145895154,0
2012,Algeria,1,2.632,28.163,-1.769817852,-0.715162934,0,1,0,-0.840951415,-0.145895154,0
2013,Algeria,1,2.632,28.163,-1.419538763,-0.715162934,0,1,0,-0.950929018,-0.518968372,0
2014,Algeria,1,2.632,28.163,-0.806550357,-0.715162934,0,1,0,-0.856662501,-1.041270878,0
2015,Algeria,1,2.632,28.163,-0.456271267,-0.715162934,0,1,0,-1.005917819,-1.041270878,0
2016,Algeria,1,2.632,28.163,-0.368701495,-0.932023593,0,1,0,-0.911651303,-1.041270878,0
2017,Algeria,1,2.632,28.163,-0.105992178,-0.359511452,0,1,0,-1.194450852,-0.854734269,0
2018,Algeria,1,2.632,28.163,-0.018422406,-0.810581624,0,1,0,-1.335850627,-0.83981134,0
2019,Algeria,1,2.632,28.163,0.156717139,-0.645767523,0,1,0,-1.218017481,-0.54881423,0
2006,Argentina,1,-65.167,-35.377,-0.718980584,-0.715162934,0,1,0,-0.652418382,-0.54881423,0
2007,Argentina,1,-65.167,-35.377,-0.894120129,-0.715162934,0,1,0,-0.605285124,-0.996502092,0
2008,Argentina,1,-65.167,-35.377,-0.981689901,-0.715162934,0,1,0,-0.589574038,-0.384662014,0
2009,Argentina,1,-65.167,-35.377,-1.156829446,-1.148884253,0,1,0,-0.738829356,-0.354816156,0
2011,Argentina,1,-65.167,-35.377,-1.156829446,-1.148884253,0,1,2,-0.785962614,-0.392123478,0
2012,Argentina,1,-65.167,-35.377,-1.244399218,-1.148884253,0,1,21,-1.076617706,-0.533891301,0
2013,Argentina,1,-65.167,-35.377,-1.33196899,-1.365744912,0,1,26,-1.178739766,-0.533891301,0
2014,Argentina,1,-65.167,-35.377,-1.244399218,-1.365744912,0,1,28,-1.34370617,-0.436892264,0
2015,Argentina,1,-65.167,-35.377,-0.718980584,-1.365744912,0,1,29,-1.382983885,-0.444353729,0
2016,Argentina,1,-65.167,-35.377,-0.193561951,-1.365744912,0,1,30,-1.406550514,-0.54881423,0
2017,Argentina,1,-65.167,-35.377,-0.105992178,-0.611069817,0,1,30,-0.888084674,-0.60104448,0
2018,Argentina,1,-65.167,-35.377,-0.105992178,-0.246743909,0,1,30,-0.738829356,-0.332431763,0
2019,Argentina,1,-65.167,-35.377,0.069147366,0.056861014,0,1,30,-0.746684899,-0.354816156,0
2006,Armenia,3,45,40,-1.156829446,0.152279704,0,1,0,0.69873502,0.436099067,0
2007,Armenia,3,45,40,-0.981689901,-0.715162934,0,1,0,0.54162416,0.809172285,0
2008,Armenia,3,45,40,-0.981689901,-0.498302274,0,1,0,0.643746219,0.764403499,0
2009,Armenia,3,45,40,-0.981689901,-0.498302274,0,1,0,0.643746219,0.868864,0
2011,Armenia,3,45,40,-0.718980584,-0.715162934,0,1,1,0.628035133,0.801710821,0
2012,Armenia,3,45,40,-0.368701495,-0.715162934,0,1,1,0.557335246,0.794249357,0
2013,Armenia,3,45,40,-0.193561951,-0.715162934,0,1,1,0.604468504,0.794249357,0
2014,Armenia,3,45,40,-0.281131723,-0.715162934,0,1,1,0.565190789,0.801710821,0
2015,Armenia,3,45,40,-0.281131723,-1.148884253,0,1,1,0.423791014,0.794249357,0
2016,Armenia,3,45,40,-0.018422406,-1.148884253,0,1,1,0.415935471,0.809172285,0
2017,Armenia,3,45,40,0.156717139,0.390826429,0,1,1,0.675168391,0.40625321,0
2018,Armenia,3,45,40,0.244286911,0.382152003,0,1,1,0.549479703,0.391330281,0
2019,Armenia,3,45,40,0.331856683,0.464559054,1,1,3,0.470924272,0.451021996,1
2006,Australia,1,133,-27,1.73297304,1.88716498,0,1,0,1.429300523,0.197332207,0
2007,Australia,1,133,-27,1.820542812,1.88716498,0,1,1,1.52356704,0.674865927,0
2008,Australia,1,133,-27,1.820542812,1.88716498,0,1,1,1.609978013,0.674865927,0
2009,Australia,1,133,-27,1.73297304,1.88716498,0,1,1,1.641400185,0.749480571,0
2011,Australia,1,133,-27,1.295124179,1.88716498,0,1,1,1.633544642,0.719634713,0
2012,Australia,1,133,-27,1.295124179,1.88716498,0,1,7,1.6806779,0.853941072,0
2013,Australia,1,133,-27,1.295124179,1.88716498,0,1,11,1.641400185,0.853941072,0
2014,Australia,1,133,-27,1.470263723,1.88716498,0,1,11,1.594266927,0.868864,0
2015,Australia,1,133,-27,1.73297304,1.88716498,0,1,11,1.547133669,0.868864,0
2016,Australia,1,133,-27,1.73297304,1.88716498,0,1,11,1.460722695,0.868864,0
2017,Australia,1,133,-27,1.73297304,1.527176285,0,1,12,1.515711497,0.853941072,0
2018,Australia,1,133,-27,1.73297304,1.397059889,0,1,12,1.507855954,0.853941072,0
2019,Australia,1,133,-27,1.645403268,1.414408742,0,1,12,1.507855954,0.958401573,0
2006,Azerbaijan,1,47.395,40.43,-0.806550357,-0.715162934,0,1,0,-0.668129468,-0.160818083,0
2007,Azerbaijan,1,47.395,40.43,-0.718980584,-0.715162934,0,1,0,-0.558151866,0.212255136,0
2008,Azerbaijan,1,47.395,40.43,-0.281131723,-0.715162934,0,1,0,-0.503163065,0.271946851,0
2009,Azerbaijan,1,47.395,40.43,-0.018422406,-0.932023593,0,1,0,-0.291063402,0.271946851,0
2011,Azerbaijan,1,47.395,40.43,-0.105992178,-1.148884253,0,1,0,-0.157519171,0.174947814,0
2012,Azerbaijan,1,47.395,40.43,0.069147366,-1.148884253,0,1,0,-0.220363515,0.182409278,0
2013,Azerbaijan,1,47.395,40.43,-0.105992178,-0.932023593,0,1,0,-0.157519171,0.182409278,0
2014,Azerbaijan,1,47.395,40.43,-0.281131723,-1.148884253,0,1,0,-0.031830482,0.182409278,0
2015,Azerbaijan,1,47.395,40.43,-0.281131723,-1.148884253,0,1,0,-0.055397111,0.092871706,0
2016,Azerbaijan,1,47.395,40.43,0.244286911,-1.148884253,0,1,0,-0.118241456,0.077948777,0
2017,Azerbaijan,1,47.395,40.43,0.857275317,0.17396577,0,1,0,0.148847008,-0.026511724,0
2018,Azerbaijan,1,47.395,40.43,0.857275317,0.308419379,0,1,0,0.203835809,-0.011588795,0
2019,Azerbaijan,1,47.395,40.43,1.207554406,0.546966104,0,1,0,0.290246782,-0.011588795,1
2006,Bahrain,4,50.55,26,0.244286911,1.019722342,0,1,0,0.777290451,-0.384662014,0
2007,Bahrain,4,50.55,26,0.769705545,0.586001023,0,1,0,0.745868279,0.361484423,0
2008,Bahrain,4,50.55,26,0.944845089,0.586001023,0,1,0,0.824423709,0.451021996,0
2009,Bahrain,4,50.55,26,1.119984634,0.586001023,0,1,0,1.028667828,0.391330281,0
2011,Bahrain,4,50.55,26,1.295124179,0.586001023,0,1,0,1.256478576,0.600251283,0
2012,Bahrain,4,50.55,26,1.119984634,0.369140363,0,1,0,1.06009,0.600251283,0
2013,Bahrain,4,50.55,26,0.857275317,0.369140363,0,1,0,1.083656629,0.600251283,0
2014,Bahrain,4,50.55,26,0.769705545,0.586001023,0,1,0,1.052234457,0.28686978,0
2015,Bahrain,4,50.55,26,0.857275317,0.586001023,0,1,0,0.918690226,0.28686978,0
2016,Bahrain,4,50.55,26,1.032414862,0.586001023,0,1,0,0.989390113,0.585328354,0
2017,Bahrain,4,50.55,26,1.032414862,0.768163977,1,0.5,2,0.533768617,0.600251283,1
2018,Bahrain,4,50.55,26,1.032414862,0.6770825,1,0.5,2,0.470924272,0.645020069,1
2019,Bahrain,4,50.55,26,1.207554406,0.737803484,1,0.5,2,0.368802213,0.674865927,1
2006,Bangladesh,1,90,24,-1.507108535,-0.715162934,0,1,0,-0.691696098,-1.981415389,0
2007,Bangladesh,1,90,24,-1.594678307,-0.715162934,0,1,0,-1.178739766,-5.577841215,0
2008,Bangladesh,1,90,24,-1.594678307,-0.932023593,0,1,0,-1.375128342,-5.577841215,0
2009,Bangladesh,1,90,24,-1.244399218,-0.932023593,0,1,0,-1.115895422,-2.578332538,0
2011,Bangladesh,1,90,24,-1.244399218,-1.148884253,0,1,0,-0.683840554,-1.250191881,0
2012,Bangladesh,1,90,24,-1.244399218,-1.148884253,0,1,0,-0.668129468,-1.548650455,0
2013,Bangladesh,1,90,24,-1.069259674,-1.148884253,0,1,0,-0.715262727,-1.548650455,0
2014,Bangladesh,1,90,24,-1.156829446,-1.148884253,0,1,0,-0.597429581,-1.175577237,0
2015,Bangladesh,1,90,24,-1.069259674,-1.148884253,0,1,0,-0.613140667,-1.175577237,0
2016,Bangladesh,1,90,24,-0.718980584,-1.148884253,0,1,0,-0.660273925,-0.832349876,0
2017,Bangladesh,1,90,24,-0.54384104,-0.502639488,0,1,0,-0.526729694,-0.832349876,0
2018,Bangladesh,1,90,24,-0.368701495,-0.611069817,0,1,0,-0.518874151,-1.011425021,0
2019,Bangladesh,1,90,24,-0.54384104,-0.450592929,0,1,0,-0.479596435,-0.832349876,0
2006,Botswana,1,23.815,-22.182,-0.368701495,1.019722342,0,1,0,0.557335246,0.227178065,0
2007,Botswana,1,23.815,-22.182,-0.631410812,1.019722342,0,1,0,0.502346444,-0.384662014,0
2008,Botswana,1,23.815,-22.182,-0.456271267,1.019722342,0,1,0,0.510201988,-0.533891301,0
2009,Botswana,1,23.815,-22.182,0.069147366,1.236583001,0,1,0,0.628035133,-0.4294308,0
2011,Botswana,1,23.815,-22.182,0.156717139,1.019722342,0,1,0,0.557335246,0.033179991,0
2012,Botswana,1,23.815,-22.182,0.244286911,1.019722342,0,1,0,0.62017959,0.368945888,0
2013,Botswana,1,23.815,-22.182,0.244286911,1.019722342,0,1,0,0.69873502,0.368945888,0
2014,Botswana,1,23.815,-22.182,0.331856683,1.019722342,0,1,0,0.808712623,0.592789819,0
2015,Botswana,1,23.815,-22.182,0.419426456,1.019722342,0,1,0,0.635890676,-0.19066394,0
2016,Botswana,1,23.815,-22.182,0.419426456,1.019722342,0,1,0,0.738012736,0.689788856,0
2017,Botswana,1,23.815,-22.182,0.331856683,0.503593972,0,1,0,0.659457305,0.674865927,0
2018,Botswana,1,23.815,-22.182,0.244286911,0.486245119,0,1,0,0.643746219,0.682327391,0
2019,Botswana,1,23.815,-22.182,0.244286911,0.503593972,0,1,0,0.612324047,0.674865927,0
2006,Brazil,1,-53.089,-10.772,-0.368701495,0.152279704,0,1,0,-0.063252654,-0.4294308,0
2007,Brazil,1,-53.089,-10.772,-0.456271267,0.152279704,0,1,3,-0.432463177,-0.369739085,0
2008,Brazil,1,-53.089,-10.772,-0.456271267,0.152279704,0,1,3,-0.432463177,-0.295124441,0
2009,Brazil,1,-53.089,-10.772,-0.718980584,0.152279704,0,1,3,-0.393185462,-0.235432726,0
2011,Brazil,1,-53.089,-10.772,-0.54384104,0.152279704,0,1,3,-0.424607634,-0.369739085,0
2012,Brazil,1,-53.089,-10.772,-0.281131723,0.152279704,0,1,3,-0.298918946,-0.377200549,0
2013,Brazil,1,-53.089,-10.772,-0.281131723,0.152279704,0,1,3,-0.314630032,-0.377200549,0
2014,Brazil,1,-53.089,-10.772,-0.456271267,0.152279704,0,1,6,-0.377474376,-0.407046407,0
2015,Brazil,1,-53.089,-10.772,-0.105992178,0.152279704,0,1,9,-0.401041005,-0.384662014,0
2016,Brazil,1,-53.089,-10.772,0.244286911,-0.064580956,0,1,9,-0.408896548,-0.399584942,0
2017,Brazil,1,-53.089,-10.772,0.331856683,0.369140363,0,1,9,-0.691696098,-0.399584942,0
2018,Brazil,1,-53.089,-10.772,0.156717139,0.403838069,0,1,9,-0.809529243,-0.466738122,0
2019,Brazil,1,-53.089,-10.772,-0.018422406,0.468896267,0,1,9,-0.770251528,-0.4294308,0
2006,Burundi,1,30,-3.5,-1.594678307,-0.715162934,0,1,0,-1.021628905,-1.399421168,0
2007,Burundi,1,30,-3.5,-1.507108535,-0.715162934,0,1,0,-1.16302868,-1.056193807,0
2008,Burundi,1,30,-3.5,-1.419538763,-0.715162934,0,1,0,-1.218017481,-1.832186101,0
2009,Burundi,1,30,-3.5,-1.507108535,-0.715162934,0,1,0,-1.013773362,-0.877118662,0
2011,Burundi,1,30,-3.5,-1.68224808,-1.148884253,0,1,0,-0.950929018,0.301792708,0
2012,Burundi,1,30,-3.5,-1.68224808,-1.148884253,0,1,0,-1.068762163,0.309254173,0
2013,Burundi,1,30,-3.5,-1.33196899,-1.148884253,0,1,0,-0.998062276,0.309254173,0
2014,Burundi,1,30,-3.5,-1.069259674,-1.148884253,0,1,0,-0.809529243,-0.220509798,0
2015,Burundi,1,30,-3.5,-1.069259674,-1.148884253,0,1,0,-0.628851753,-0.19066394,0
2016,Burundi,1,30,-3.5,-0.981689901,-1.148884253,0,1,0,-0.613140667,-0.041434653,0
2017,Burundi,1,30,-3.5,-0.54384104,-0.901663101,0,1,0,-0.668129468,-0.041434653,0
2018,Burundi,1,30,-3.5,-0.54384104,-1.252977369,0,1,0,-0.848806958,-0.414507871,0
2019,Burundi,1,30,-3.5,-0.018422406,-1.122860974,0,1,0,-1.005917819,-0.489122515,0
2006,Cambodia,1,105,13,-1.156829446,-0.715162934,0,1,0,-0.393185462,-1.593419242,0
2007,Cambodia,1,105,13,-0.981689901,-0.715162934,0,1,0,-0.456029806,-1.682956814,0
2008,Cambodia,1,105,13,-0.981689901,-0.715162934,0,1,0,-0.456029806,-1.682956814,0
2009,Cambodia,1,105,13,-0.981689901,-0.715162934,0,1,0,-0.401041005,-0.847272805,0
2011,Cambodia,1,105,13,-0.631410812,-0.715162934,0,1,0,-0.298918946,-0.354816156,0
2012,Cambodia,1,105,13,-0.456271267,-0.715162934,0,1,0,-0.322485575,-0.712966446,0
2013,Cambodia,1,105,13,-0.54384104,-0.715162934,0,1,0,-0.251785687,-0.339893227,0
2014,Cambodia,1,105,13,-0.894120129,-0.715162934,0,1,0,-0.338196661,-0.280201513,0
2015,Cambodia,1,105,13,-0.894120129,-0.932023593,0,1,0,-0.330341118,-0.19066394,0
2016,Cambodia,1,105,13,-0.718980584,-0.932023593,0,1,0,-0.298918946,-0.19066394,0
2017,Cambodia,1,105,13,-0.631410812,-0.177348498,0,1,0,-0.173230257,0.413714674,0
2018,Cambodia,1,105,13,-0.456271267,-0.454930143,0,1,0,-0.236074601,0.413714674,0
2019,Cambodia,1,105,13,-0.281131723,-0.394209158,0,1,0,-0.306774489,-0.698043517,0
2006,Cameroon,1,12,6,-0.368701495,-0.715162934,0,1,0,-0.558151866,-1.48895874,0
2007,Cameroon,1,12,6,-0.281131723,-0.715162934,0,1,0,-0.479596435,-1.100962593,0
2008,Cameroon,1,12,6,-0.631410812,-0.715162934,0,1,0,-0.581718495,-1.324806524,0
2009,Cameroon,1,12,6,-1.069259674,-0.715162934,0,1,0,-0.683840554,-1.399421168,0
2011,Cameroon,1,12,6,-0.718980584,-0.715162934,0,1,0,-0.778107071,-1.130808451,0
2012,Cameroon,1,12,6,-0.631410812,-0.715162934,0,1,0,-0.778107071,-1.481497276,0
2013,Cameroon,1,12,6,-0.54384104,-0.715162934,0,1,0,-0.738829356,-1.481497276,0
2014,Cameroon,1,12,6,-0.368701495,-0.715162934,0,1,0,-0.715262727,-1.011425021,0
2015,Cameroon,1,12,6,0.069147366,-0.932023593,0,1,0,-0.770251528,-1.130808451,0
2016,Cameroon,1,12,6,0.419426456,-0.932023593,0,1,0,-0.589574038,-0.981579163,0
2017,Cameroon,1,12,6,0.594566,-0.129639153,0,1,0,-0.778107071,-1.593419242,0
2018,Cameroon,1,12,6,0.419426456,-0.255418336,0,1,0,-0.770251528,-1.593419242,0
2019,Cameroon,1,12,6,0.244286911,-0.173011285,0,1,0,-0.730973813,-1.593419242,0
2006,Canada,1,-95,60,1.557833495,1.88716498,0,1,2,1.232911947,0.630097141,0
2007,Canada,1,-95,60,1.645403268,1.88716498,0,1,4,1.280045205,1.003170359,0
2008,Canada,1,-95,60,1.557833495,1.88716498,0,1,4,1.452867152,0.913632787,0
2009,Canada,1,-95,60,1.470263723,1.88716498,0,1,4,1.476433781,1.003170359,0
2011,Canada,1,-95,60,1.382693951,1.88716498,0,1,10,1.500000411,0.995708895,0
2012,Canada,1,-95,60,1.382693951,1.88716498,0,1,10,1.429300523,0.980785966,0
2013,Canada,1,-95,60,1.557833495,1.88716498,0,1,10,1.390022808,1.003170359,0
2014,Canada,1,-95,60,1.645403268,1.88716498,0,1,12,1.452867152,1.010631823,0
2015,Canada,1,-95,60,1.73297304,1.88716498,0,1,12,1.366456179,1.018093288,0
2016,Canada,1,-95,60,1.820542812,1.88716498,0,1,12,1.280045205,0.913632787,0
2017,Canada,1,-95,60,1.73297304,1.813432355,0,1,15,1.319322921,1.018093288,0
2018,Canada,1,-95,60,1.557833495,1.77873465,0,1,17,1.256478576,0.995708895,0
2019,Canada,1,-95,60,1.470263723,1.757048584,0,1,17,1.256478576,0.898709858,0
2006,Chad,1,19,15,-1.594678307,-0.715162934,0,1,0,-0.919506846,-1.324806524,0
2007,Chad,1,19,15,-1.507108535,-1.148884253,0,1,0,-0.911651303,-1.160654308,0
2008,Chad,1,19,15,-1.507108535,-1.148884253,0,1,0,-1.092328793,-1.100962593,0
2009,Chad,1,19,15,-1.419538763,-1.148884253,0,1,0,-1.115895422,-1.220346023,0
2011,Chad,1,19,15,-1.33196899,-1.148884253,0,1,0,-1.288717369,-1.429267025,0
2012,Chad,1,19,15,-1.507108535,-1.148884253,0,1,0,-1.327995084,-1.429267025,0
2013,Chad,1,19,15,-1.419538763,-1.148884253,0,1,0,-1.296572912,-1.429267025,0
2014,Chad,1,19,15,-1.156829446,-1.148884253,0,1,0,-1.351561713,-1.459112883,0
2015,Chad,1,19,15,-0.894120129,-1.148884253,0,1,0,-1.24158411,-1.459112883,0
2016,Chad,1,19,15,-0.894120129,-1.148884253,0,1,0,-1.210161938,-1.862031959,0
2017,Chad,1,19,15,-0.806550357,-0.689139655,0,1,0,-0.998062276,-1.496420205,0
2018,Chad,1,19,15,-0.631410812,-0.92768638,0,1,0,-0.974495647,-1.682956814,0
2019,Chad,1,19,15,-0.631410812,-0.858290969,0,1,0,-0.927362389,-2.056030033,0
2006,Chile,1,-71,-30,0.156717139,1.88716498,0,1,0,1.280045205,0.212255136,0
2007,Chile,1,-71,-30,0.156717139,1.88716498,0,1,5,1.256478576,0.570405426,0
2008,Chile,1,-71,-30,-0.193561951,1.88716498,0,1,5,1.327178464,0.555482497,0
2009,Chile,1,-71,-30,-0.193561951,1.88716498,0,1,8,1.303611835,0.824095214,0
2011,Chile,1,-71,-30,-0.193561951,1.67030432,0,1,8,1.232911947,0.98824743,0
2012,Chile,1,-71,-30,-0.105992178,1.88716498,0,1,8,1.303611835,0.540559568,0
2013,Chile,1,-71,-30,-0.018422406,1.88716498,0,1,8,1.358600636,0.540559568,0
2014,Chile,1,-71,-30,0.069147366,1.88716498,0,1,8,1.335034007,0.540559568,0
2015,Chile,1,-71,-30,0.331856683,1.88716498,0,1,8,1.319322921,0.540559568,0
2016,Chile,1,-71,-30,0.419426456,1.67030432,0,1,8,1.256478576,0.868864,0
2017,Chile,1,-71,-30,0.506996228,0.941652504,0,1,8,1.16221206,0.868864,0
2018,Chile,1,-71,-30,0.594566,0.928640865,0,1,8,1.06009,1.040477681,0
2019,Chile,1,-71,-30,0.769705545,0.96333857,0,1,8,1.075801086,1.047939145,0
2006,China,1,105,35,-0.54384104,-0.715162934,0,1,10,-0.636707296,-0.504045444,0
2007,China,1,105,35,-0.368701495,-1.148884253,0,0.5,21,-0.762395985,-0.504045444,0
2008,China,1,105,35,0.069147366,-1.148884253,0,0.5,26,-0.675985011,-0.339893227,0
2009,China,1,105,35,0.156717139,-1.148884253,0,1,44,-0.668129468,-0.250355655,0
2011,China,1,105,35,0.156717139,-1.148884253,0,1,58,-0.762395985,-0.235432726,0
2012,China,1,105,35,0.069147366,-1.148884253,0,1,73,-0.825240329,-0.235432726,0
2013,China,1,105,35,0.069147366,-1.148884253,0,1,78,-0.770251528,-0.205586869,0
2014,China,1,105,35,0.156717139,-1.148884253,0,1,80,-0.72311827,-0.220509798,0
2015,China,1,105,35,0.156717139,-1.148884253,0,1,81,-0.707407184,-0.220509798,0
2016,China,1,105,35,0.419426456,-1.148884253,0,1,88,-0.762395985,-0.145895154,0
2017,China,1,105,35,0.594566,0.07854708,0,1,92,-0.338196661,-0.086203439,0
2018,China,1,105,35,0.594566,0.009151669,0,0.5,95,-0.306774489,-0.116049296,0
2019,China,1,105,35,0.594566,0.147942491,0,0.5,97,-0.25964123,-0.130972225,0
2006,Colombia,1,-73.076,3.9,-0.193561951,-0.715162934,0,1,2,-0.10253037,-0.66819766,0
2007,Colombia,1,-73.076,3.9,-0.281131723,-0.715162934,0,1,4,-0.141808085,-0.250355655,0
2008,Colombia,1,-73.076,3.9,-0.368701495,-0.281441615,0,1,4,0.038869405,-0.295124441,0
2009,Colombia,1,-73.076,3.9,-0.718980584,-0.281441615,0,1,4,0.046724948,-0.175741011,0
2011,Colombia,1,-73.076,3.9,-0.54384104,0.152279704,0,1,4,0.494490901,-0.116049296,0
2012,Colombia,1,-73.076,3.9,-0.54384104,0.152279704,0,1,4,0.494490901,-0.19066394,0
2013,Colombia,1,-73.076,3.9,-0.54384104,0.152279704,0,1,5,0.62017959,-0.19066394,0
2014,Colombia,1,-73.076,3.9,-0.54384104,0.152279704,0,1,5,0.706590564,0.301792708,0
2015,Colombia,1,-73.076,3.9,-0.105992178,0.152279704,0,1,5,0.785145994,0.480867853,0
2016,Colombia,1,-73.076,3.9,0.331856683,0.152279704,0,1,6,0.714446107,0.465944924,0
2017,Colombia,1,-73.076,3.9,0.156717139,0.750815124,0,1,6,0.628035133,0.510713711,0
2018,Colombia,1,-73.076,3.9,0.069147366,0.616361515,0,1,6,0.565190789,0.510713711,0
2019,Colombia,1,-73.076,3.9,-0.018422406,0.551303317,0,1,7,0.4395021,0.092871706,0
2006,Costa.Rica,1,-83.946,9.971,-0.018422406,0.152279704,0,1,0,0.329524498,0.197332207,0
2007,Costa.Rica,1,-83.946,9.971,-0.105992178,0.152279704,0,1,0,0.18026918,0.570405426,0
2008,Costa.Rica,1,-83.946,9.971,-0.281131723,0.152279704,0,1,0,0.195980266,0.525636639,0
2009,Costa.Rica,1,-83.946,9.971,-0.281131723,0.152279704,0,1,0,0.368802213,0.525636639,0
2011,Costa.Rica,1,-83.946,9.971,-0.281131723,0.369140363,0,1,0,0.4395021,0.779326428,0
2012,Costa.Rica,1,-83.946,9.971,-0.193561951,0.369140363,0,1,0,0.494490901,0.771864964,0
2013,Costa.Rica,1,-83.946,9.971,-0.018422406,0.152279704,0,1,0,0.415935471,0.771864964,0
2014,Costa.Rica,1,-83.946,9.971,0.156717139,0.152279704,0,1,0,0.408079928,0.674865927,0
2015,Costa.Rica,1,-83.946,9.971,0.419426456,0.152279704,0,1,0,0.431646557,0.674865927,0
2016,Costa.Rica,1,-83.946,9.971,0.594566,0.152279704,0,1,0,0.447357643,0.510713711,0
2017,Costa.Rica,1,-83.946,9.971,0.857275317,0.221675115,0,1,2,0.25882461,0.742019106,0
2018,Costa.Rica,1,-83.946,9.971,0.857275317,0.360465937,0,1,2,0.305957869,0.742019106,0
2019,Costa.Rica,1,-83.946,9.971,0.682135772,0.512268399,0,1,2,0.282391239,0.495790782,0
2006,Dominican.Republic,1,-70.66666667,19,-0.631410812,-0.715162934,0,1,0,-0.424607634,-0.54881423,0
2007,Dominican.Republic,1,-70.66666667,19,-0.456271267,-0.715162934,0,1,0,-0.385329919,-0.07128051,0
2008,Dominican.Republic,1,-70.66666667,19,-0.368701495,-0.715162934,0,1,0,-0.314630032,-0.130972225,0
2009,Dominican.Republic,1,-70.66666667,19,-0.54384104,-0.715162934,0,1,0,-0.196796886,-0.130972225,0
2011,Dominican.Republic,1,-70.66666667,19,-1.156829446,-0.715162934,0,1,12,-0.133952542,0.376407352,0
2012,Dominican.Republic,1,-70.66666667,19,-0.981689901,-0.715162934,0,1,12,-0.118241456,0.398791745,0
2013,Dominican.Republic,1,-70.66666667,19,-0.718980584,-0.715162934,0,1,12,-0.157519171,0.227178065,0
2014,Dominican.Republic,1,-70.66666667,19,-0.54384104,-0.715162934,0,1,12,-0.031830482,0.227178065,0
2015,Dominican.Republic,1,-70.66666667,19,-0.193561951,-0.715162934,0,1,12,-0.055397111,0.227178065,0
2016,Dominican.Republic,1,-70.66666667,19,0.156717139,-0.932023593,0,1,12,-0.055397111,0.182409278,0
2017,Dominican.Republic,1,-70.66666667,19,-0.018422406,0.416849708,0,1,12,0.093858206,0.16748635,0
2018,Dominican.Republic,1,-70.66666667,19,0.069147366,0.226012328,0,1,12,-0.008263853,-0.175741011,0
2019,Dominican.Republic,1,-70.66666667,19,0.419426456,0.178302983,0,1,12,-0.055397111,0.077948777,0
2006,Egypt,1,30,27,-0.281131723,0.152279704,0,1,0,-0.668129468,-1.280037738,0
2007,Egypt,1,30,27,-0.281131723,-0.281441615,0,1,0,-0.573862952,-1.309883596,0
2008,Egypt,1,30,27,-0.193561951,-0.281441615,0,1,0,-0.251785687,-0.653274731,0
2009,Egypt,1,30,27,-0.105992178,-0.281441615,0,1,0,-0.291063402,-0.847272805,0
2011,Egypt,1,30,27,-0.456271267,-0.281441615,0,1,0,-0.204652429,-0.056357581,0
2012,Egypt,1,30,27,-0.456271267,-0.498302274,0,1,0,-0.298918946,-0.056357581,0
2013,Egypt,1,30,27,-0.54384104,-0.498302274,0,1,0,-0.54244078,-0.07128051,0
2014,Egypt,1,30,27,-0.806550357,-1.148884253,0,1,0,-0.691696098,-0.250355655,0
2015,Egypt,1,30,27,-0.54384104,-1.148884253,0,1,0,-0.511018608,-0.354816156,0
2016,Egypt,1,30,27,-0.54384104,-1.148884253,0,1,0,-0.448174263,-0.31004737,0
2017,Egypt,1,30,27,-0.718980584,-0.480953422,0,1,0,-0.715262727,-0.339893227,0
2018,Egypt,1,30,27,-0.456271267,-0.598058178,0,1,0,-0.652418382,-0.287662977,0
2019,Egypt,1,30,27,-0.018422406,-0.411558011,0,1,0,-0.72311827,-0.220509798,0
2006,El.Salvador,1,-88.866,13.736,-0.281131723,0.152279704,0,1,0,0.62017959,0.122717563,0
2007,El.Salvador,1,-88.866,13.736,-0.456271267,0.152279704,0,1,0,0.565190789,0.137640492,0
2008,El.Salvador,1,-88.866,13.736,-0.894120129,0.152279704,0,1,0,0.533768617,0.137640492,0
2009,El.Salvador,1,-88.866,13.736,-0.806550357,0.152279704,0,1,0,0.635890676,0.525636639,0
2011,El.Salvador,1,-88.866,13.736,-1.069259674,-0.281441615,0,1,0,0.557335246,0.764403499,0
2012,El.Salvador,1,-88.866,13.736,-1.244399218,-0.281441615,0,1,0,0.549479703,0.316715637,0
2013,El.Salvador,1,-88.866,13.736,-0.806550357,-0.281441615,0,1,0,0.392368842,0.316715637,0
2014,El.Salvador,1,-88.866,13.736,-0.281131723,-0.281441615,0,1,0,0.353091127,0.316715637,0
2015,El.Salvador,1,-88.866,13.736,-0.368701495,-0.498302274,0,1,0,0.313813412,0.779326428,0
2016,El.Salvador,1,-88.866,13.736,-0.368701495,-0.498302274,0,1,0,0.266680153,0.824095214,0
2017,El.Salvador,1,-88.866,13.736,-0.54384104,-0.051569316,0,1,0,0.188124723,0.876325465,0
2018,El.Salvador,1,-88.866,13.736,-0.631410812,-0.398546371,0,1,0,0.117424836,0.868864,0
2019,El.Salvador,1,-88.866,13.736,-0.631410812,-0.385534732,0,1,0,0.007447233,0.495790782,0
2006,Ethiopia,1,39.616,8.626,-1.156829446,-0.715162934,0,1,0,-0.848806958,-1.250191881,0
2007,Ethiopia,1,39.616,8.626,-0.806550357,-0.715162934,0,1,0,-0.636707296,-0.877118662,0
2008,Ethiopia,1,39.616,8.626,-0.456271267,-0.715162934,0,1,0,-0.72311827,-0.877118662,0
2009,Ethiopia,1,39.616,8.626,-0.456271267,-0.715162934,0,1,0,-0.683840554,-0.459276657,0
2011,Ethiopia,1,39.616,8.626,-0.193561951,-0.715162934,0,1,0,-0.88022913,-0.683120588,0
2012,Ethiopia,1,39.616,8.626,-0.105992178,-0.715162934,0,1,0,-0.762395985,-0.683120588,0
2013,Ethiopia,1,39.616,8.626,-0.281131723,-0.715162934,0,1,0,-0.966640104,-0.802504018,0
2014,Ethiopia,1,39.616,8.626,-0.631410812,-0.715162934,0,1,0,-0.919506846,-0.78758109,0
2015,Ethiopia,1,39.616,8.626,-0.456271267,-0.715162934,0,1,0,-0.8016737,-0.772658161,0
2016,Ethiopia,1,39.616,8.626,-0.018422406,-0.715162934,0,1,0,-0.8016737,-0.727889375,0
2017,Ethiopia,1,39.616,8.626,-0.018422406,-0.602395391,0,1,0,-0.707407184,-0.72042791,0
2018,Ethiopia,1,39.616,8.626,-0.018422406,-0.667453589,0,1,0,-0.699551641,-1.048732343,0
2019,Ethiopia,1,39.616,8.626,-0.631410812,-0.602395391,0,1,0,-0.636707296,-1.041270878,0
2006,Georgia,3,43.518,42.176,-1.069259674,-0.715162934,0,1,0,0.219546895,-0.533891301,0
2007,Georgia,3,43.518,42.176,-0.894120129,-0.715162934,0,1,0,0.596612961,-0.220509798,0
2008,Georgia,3,43.518,42.176,-0.894120129,-0.498302274,0,1,0,0.588757418,-0.280201513,0
2009,Georgia,3,43.518,42.176,-0.894120129,-0.498302274,0,1,0,0.635890676,0.436099067,0
2011,Georgia,3,43.518,42.176,-0.894120129,-0.281441615,0,1,0,0.683023934,1.077785003,0
2012,Georgia,3,43.518,42.176,-1.069259674,-0.281441615,0,1,0,0.604468504,1.077785003,0
2013,Georgia,3,43.518,42.176,-0.981689901,-0.064580956,0,1,0,0.824423709,1.077785003,0
2014,Georgia,3,43.518,42.176,-0.718980584,-0.281441615,0,1,0,0.855845881,1.033016217,0
2015,Georgia,3,43.518,42.176,-0.456271267,-0.281441615,0,1,0,0.887268053,1.033016217,0
2016,Georgia,3,43.518,42.176,-0.193561951,-0.281441615,0,1,0,0.855845881,1.033016217,0
2017,Georgia,3,43.518,42.176,-0.105992178,0.373477577,0,1,0,1.122934345,1.033016217,0
2018,Georgia,3,43.518,42.176,-0.018422406,0.707442992,0,1,0,1.138645431,1.092707932,0
2019,Georgia,3,43.518,42.176,-0.018422406,0.841896601,1,1,0,1.115078802,1.033016217,1
2006,Guatemala,1,-90.25,15.5,-0.981689901,-0.715162934,0,1,0,-0.204652429,0.033179991,0
2007,Guatemala,1,-90.25,15.5,-0.631410812,-0.715162934,0,1,0,-0.094674827,0.40625321,0
2008,Guatemala,1,-90.25,15.5,-0.981689901,-0.715162934,0,1,0,-0.149663628,0.271946851,0
2009,Guatemala,1,-90.25,15.5,-1.156829446,-0.715162934,0,1,0,-0.1810858,0.271946851,0
2011,Guatemala,1,-90.25,15.5,-1.156829446,-0.498302274,0,1,0,0.015302776,0.734557642,0
2012,Guatemala,1,-90.25,15.5,-1.069259674,-0.715162934,0,1,0,-0.063252654,0.734557642,0
2013,Guatemala,1,-90.25,15.5,-0.806550357,-0.715162934,0,1,0,-0.133952542,0.779326428,0
2014,Guatemala,1,-90.25,15.5,-0.631410812,-0.932023593,0,1,0,-0.039686025,0.794249357,0
2015,Guatemala,1,-90.25,15.5,-0.281131723,-1.148884253,0,1,0,-0.10253037,0.734557642,0
2016,Guatemala,1,-90.25,15.5,0.069147366,-1.148884253,0,1,0,0.007447233,0.868864,0
2017,Guatemala,1,-90.25,15.5,-0.018422406,-0.064580956,0,1,0,0.101713749,0.913632787,0
2018,Guatemala,1,-90.25,15.5,-0.018422406,-0.264092762,0,1,0,0.133135922,0.928555715,0
2019,Guatemala,1,-90.25,15.5,-0.105992178,-0.268429975,0,1,0,0.070291577,0.555482497,0
2006,Honduras,1,-86.5,15,-0.894120129,-0.715162934,0,1,0,-0.338196661,-0.399584942,0
2007,Honduras,1,-86.5,15,-0.456271267,-0.715162934,0,1,0,-0.204652429,0.331638566,0
2008,Honduras,1,-86.5,15,-0.368701495,-0.715162934,0,1,0,-0.220363515,0.242100993,0
2009,Honduras,1,-86.5,15,-0.631410812,-0.715162934,0,1,0,-0.236074601,0.242100993,0
2011,Honduras,1,-86.5,15,-0.456271267,-0.715162934,0,1,0,-0.243930144,0.16748635,0
2012,Honduras,1,-86.5,15,-0.54384104,-0.715162934,0,1,0,-0.228219058,0.174947814,0
2013,Honduras,1,-86.5,15,-0.631410812,-0.715162934,0,1,0,-0.25964123,0.174947814,0
2014,Honduras,1,-86.5,15,-0.281131723,-0.715162934,0,1,0,-0.36176329,0.04810292,0
2015,Honduras,1,-86.5,15,0.331856683,-0.715162934,0,1,0,-0.338196661,0.212255136,0
2016,Honduras,1,-86.5,15,0.244286911,-0.715162934,0,1,0,-0.314630032,0.271946851,0
2017,Honduras,1,-86.5,15,-0.018422406,-0.064580956,0,1,0,-0.228219058,0.271946851,0
2018,Honduras,1,-86.5,15,0.069147366,-0.094941448,0,1,0,-0.086819283,0.719634713,0
2019,Honduras,1,-86.5,15,0.069147366,-0.133976367,0,1,0,-0.118241456,0.346561495,0
2006,Hong.Kong.SAR,1,114.129,22.423,1.295124179,1.88716498,0,1,0,2.112732768,1.137476718,0
2007,Hong.Kong.SAR,1,114.129,22.423,1.470263723,1.88716498,0,1,0,2.214854827,1.510549936,0
2008,Hong.Kong.SAR,1,114.129,22.423,1.382693951,1.88716498,0,1,0,2.199143741,1.510549936,0
2009,Hong.Kong.SAR,1,114.129,22.423,1.295124179,1.88716498,0,1,0,2.22271037,1.510549936,0
2011,Hong.Kong.SAR,1,114.129,22.423,1.470263723,1.88716498,0,1,0,2.199143741,1.137476718,0
2012,Hong.Kong.SAR,1,114.129,22.423,1.557833495,1.88716498,0,1,0,2.214854827,1.137476718,0
2013,Hong.Kong.SAR,1,114.129,22.423,1.645403268,1.88716498,0,1,0,2.167721569,1.137476718,0
2014,Hong.Kong.SAR,1,114.129,22.423,1.73297304,1.88716498,0,1,0,2.230565913,1.137476718,0
2015,Hong.Kong.SAR,1,114.129,22.423,1.908112585,1.88716498,0,1,0,2.191288198,1.137476718,0
2016,Hong.Kong.SAR,1,114.129,22.423,1.908112585,1.88716498,0,1,0,2.112732768,1.137476718,0
2017,Hong.Kong.SAR,1,114.129,22.423,1.820542812,2.047641868,0,1,0,2.206999284,1.137476718,0
2018,Hong.Kong.SAR,1,114.129,22.423,1.820542812,1.995595309,0,1,0,2.238421456,1.137476718,0
2019,Hong.Kong.SAR,1,114.129,22.423,1.995682357,2.030293015,0,1,0,2.238421456,1.510549936,0
2006,Iceland,1,-18,65,1.908112585,1.88716498,0,1,0,1.107223259,0.257023922,0
2007,Iceland,1,-18,65,1.820542812,1.88716498,0,1,0,1.122934345,0.689788856,0
2008,Iceland,1,-18,65,1.908112585,1.88716498,0,1,0,1.107223259,0.764403499,0
2009,Iceland,1,-18,65,1.470263723,1.88716498,0,1,0,1.115078802,0.98824743,0
2011,Iceland,1,-18,65,1.207554406,1.88716498,0,1,0,0.510201988,1.003170359,0
2012,Iceland,1,-18,65,1.207554406,1.88716498,0,1,0,0.72230165,1.003170359,0
2013,Iceland,1,-18,65,0.857275317,1.88716498,0,1,0,0.816568166,0.973324502,0
2014,Iceland,1,-18,65,0.857275317,1.88716498,0,1,0,0.840134795,0.980785966,0
2015,Iceland,1,-18,65,1.295124179,1.88716498,0,1,0,0.808712623,0.98824743,0
2016,Iceland,1,-18,65,1.645403268,1.88716498,0,1,0,0.910834683,0.973324502,0
2017,Iceland,1,-18,65,1.645403268,1.67030432,0,1,0,0.997245656,0.98824743,0
2018,Iceland,1,-18,65,1.470263723,1.744036944,0,1,0,1.201489775,1.025554752,0
2019,Iceland,1,-18,65,1.470263723,1.774397437,0,1,0,1.209345318,0.913632787,0
2006,India,9,79.619,22.881,0.331856683,0.152279704,0,1,0,-0.746684899,-3.787089766,0
2007,India,9,79.619,22.881,0.156717139,0.152279704,1,1,2,-0.613140667,-1.757571458,1
2008,India,9,79.619,22.881,-0.105992178,0.152279704,1,1,4,-0.597429581,-1.772494386,1
2009,India,9,79.619,22.881,-0.193561951,0.152279704,1,1,4,-0.573862952,-1.772494386,1
2011,India,9,79.619,22.881,-0.281131723,0.152279704,1,1,4,-0.558151866,-0.78758109,1
2012,India,9,79.619,22.881,-0.105992178,0.152279704,1,1,6,-0.558151866,-0.795042554,1
2013,India,9,79.619,22.881,-0.105992178,0.152279704,1,1,9,-0.511018608,-0.832349876,1
2014,India,9,79.619,22.881,-0.105992178,0.152279704,1,1,9,-0.471740892,-0.683120588,1
2015,India,9,79.619,22.881,0.331856683,0.369140363,1,1,11,-0.558151866,-0.757735232,1
2016,India,9,79.619,22.881,0.594566,0.369140363,1,1,11,-0.432463177,-0.280201513,1
2017,India,9,79.619,22.881,0.506996228,0.386489216,1,1,13,-0.715262727,-0.160818083,1
2018,India,9,79.619,22.881,0.682135772,0.386489216,1,1,14,-0.566007409,-0.175741011,1
2019,India,9,79.619,22.881,0.506996228,0.468896267,1,1,24,-0.511018608,-0.175741011,1
2006,Indonesia,1,114.252,-0.976,-0.368701495,-0.715162934,0,1,0,-0.770251528,-0.011588795,0
2007,Indonesia,1,114.252,-0.976,-0.631410812,-0.715162934,0,1,0,-0.668129468,-0.056357581,0
2008,Indonesia,1,114.252,-0.976,-0.806550357,-0.715162934,0,1,0,-0.668129468,-0.130972225,0
2009,Indonesia,1,114.252,-0.976,-0.281131723,-0.715162934,0,1,0,-0.652418382,0.122717563,0
2011,Indonesia,1,114.252,-0.976,-0.193561951,-0.715162934,0,1,0,-0.448174263,-0.07128051,0
2012,Indonesia,1,114.252,-0.976,-0.105992178,-0.715162934,0,1,0,-0.416752091,-0.063819046,0
2013,Indonesia,1,114.252,-0.976,0.069147366,-0.715162934,0,1,8,-0.377474376,0.018257062,0
2014,Indonesia,1,114.252,-0.976,0.244286911,-0.715162934,0,1,15,-0.251785687,0.003334134,0
2015,Indonesia,1,114.252,-0.976,0.419426456,-0.715162934,0,1,22,-0.283207859,0.003334134,0
2016,Indonesia,1,114.252,-0.976,0.419426456,-0.715162934,0,1,27,-0.1810858,0.421176138,0
2017,Indonesia,1,114.252,-0.976,0.594566,0.07854708,0,1,27,0.015302776,0.428637603,0
2018,Indonesia,1,114.252,-0.976,0.682135772,0.121919212,0,1,27,0.195980266,0.428637603,0
2019,Indonesia,1,114.252,-0.976,0.682135772,0.247698394,0,1,27,0.321668955,0.376407352,0
2006,Israel,1,34.75,31.5,1.295124179,1.019722342,0,1,0,0.211691352,0.465944924,0
2007,Israel,1,34.75,31.5,1.119984634,1.019722342,0,1,0,0.243113524,0.779326428,0
2008,Israel,1,34.75,31.5,0.594566,1.019722342,0,1,0,0.36094667,0.883786929,0
2009,Israel,1,34.75,31.5,0.156717139,1.019722342,0,1,0,0.463068729,0.839018143,0
2011,Israel,1,34.75,31.5,0.682135772,1.019722342,0,1,0,0.533768617,0.973324502,0
2012,Israel,1,34.75,31.5,0.857275317,1.019722342,0,1,0,0.478779815,0.659942998,0
2013,Israel,1,34.75,31.5,0.682135772,1.019722342,0,1,0,0.408079928,0.615174212,0
2014,Israel,1,34.75,31.5,0.682135772,1.236583001,0,1,0,0.525913074,0.607712747,0
2015,Israel,1,34.75,31.5,1.032414862,1.236583001,0,1,0,0.690879477,1.033016217,0
2016,Israel,1,34.75,31.5,1.645403268,1.236583001,0,1,0,0.706590564,1.003170359,0
2017,Israel,1,34.75,31.5,1.820542812,1.102129392,0,1,0,0.628035133,0.98824743,0
2018,Israel,1,34.75,31.5,1.557833495,1.375373823,0,1,0,0.824423709,0.801710821,0
2019,Israel,1,34.75,31.5,1.557833495,1.453443661,0,1,0,0.871556967,0.719634713,0
2006,Jamaica,1,-77.5,18.25,-0.105992178,0.152279704,0,1,0,0.368802213,-0.698043517,0
2007,Jamaica,1,-77.5,18.25,-0.281131723,0.152279704,0,1,0,0.298102325,-0.324970299,0
2008,Jamaica,1,-77.5,18.25,-0.281131723,0.152279704,0,1,0,0.313813412,-0.324970299,0
2009,Jamaica,1,-77.5,18.25,-0.281131723,0.152279704,0,1,0,0.274535696,-0.31004737,0
2011,Jamaica,1,-77.5,18.25,-0.368701495,-0.281441615,0,1,0,0.313813412,-0.19066394,0
2012,Jamaica,1,-77.5,18.25,-0.368701495,-0.281441615,0,1,0,0.266680153,-0.198125404,0
2013,Jamaica,1,-77.5,18.25,-0.281131723,-0.281441615,0,1,0,0.400224385,0.018257062,0
2014,Jamaica,1,-77.5,18.25,-0.018422406,-0.281441615,0,1,0,0.392368842,0.025718527,0
2015,Jamaica,1,-77.5,18.25,0.331856683,-0.281441615,0,1,0,0.470924272,0.018257062,0
2016,Jamaica,1,-77.5,18.25,0.506996228,-0.281441615,0,1,0,0.455213186,0.04810292,0
2017,Jamaica,1,-77.5,18.25,0.506996228,0.499256759,0,1,0,0.612324047,0.040641455,0
2018,Jamaica,1,-77.5,18.25,0.506996228,0.625035942,0,1,0,0.580901875,-0.295124441,0
2019,Jamaica,1,-77.5,18.25,0.419426456,0.616361515,0,1,0,0.54162416,-0.474199586,0
2006,Japan,1,138,36,1.557833495,1.019722342,0,1,1,0.910834683,0.40625321,0
2007,Japan,1,138,36,1.557833495,1.019722342,0,1,1,0.863701424,0.40625321,0
2008,Japan,1,138,36,1.645403268,1.019722342,0,1,1,0.887268053,0.391330281,0
2009,Japan,1,138,36,1.382693951,1.019722342,0,1,1,0.871556967,0.540559568,0
2011,Japan,1,138,36,1.295124179,1.453443661,0,1,1,0.871556967,0.585328354,0
2012,Japan,1,138,36,1.382693951,1.453443661,0,1,1,0.777290451,0.525636639,0
2013,Japan,1,138,36,1.645403268,1.453443661,0,1,1,0.793001537,0.525636639,0
2014,Japan,1,138,36,1.908112585,1.453443661,0,1,1,0.840134795,0.570405426,0
2015,Japan,1,138,36,1.995682357,1.453443661,0,1,1,0.910834683,0.585328354,0
2016,Japan,1,138,36,1.820542812,1.453443661,0,1,1,0.895123596,0.585328354,0
2017,Japan,1,138,36,1.73297304,1.8611417,0,1,1,0.62017959,0.585328354,0
2018,Japan,1,138,36,1.820542812,1.713676452,0,1,2,0.832279252,0.562943961,0
2019,Japan,1,138,36,1.908112585,1.631269401,0,0.5,6,0.816568166,0.391330281,0
2006,Jordan,4,36,31,0.419426456,0.152279704,0,1,0,0.156702551,-0.936810377,0
2007,Jordan,4,36,31,0.506996228,0.152279704,0,1,0,0.219546895,-0.041434653,0
2008,Jordan,4,36,31,0.682135772,0.369140363,0,1,0,0.188124723,0.003334134,0
2009,Jordan,4,36,31,0.769705545,0.369140363,0,1,0,0.290246782,0.301792708,0
2011,Jordan,4,36,31,0.331856683,0.369140363,0,1,0,0.565190789,0.301792708,0
2012,Jordan,4,36,31,0.594566,0.369140363,0,1,0,0.643746219,0.361484423,0
2013,Jordan,4,36,31,0.682135772,0.586001023,0,1,0,0.683023934,0.361484423,0
2014,Jordan,4,36,31,0.682135772,0.586001023,0,1,0,0.588757418,0.361484423,0
2015,Jordan,4,36,31,0.682135772,0.586001023,0,1,0,0.596612961,0.361484423,0
2016,Jordan,4,36,31,0.944845089,0.586001023,0,1,0,0.518057531,-0.101126368,0
2017,Jordan,4,36,31,0.769705545,0.590338236,1,1,0,0.392368842,0.540559568,1
2018,Jordan,4,36,31,0.682135772,0.481907906,1,1,0,0.250969067,0.540559568,1
2019,Jordan,4,36,31,0.944845089,0.516605612,1,1,0,0.376657756,0.495790782,1
2006,Kazakhstan,9,67.301,48.16,-0.631410812,-0.715162934,0,1,0,-0.118241456,-0.414507871,0
2007,Kazakhstan,9,67.301,48.16,-0.456271267,-0.715162934,1,1,0,-0.165374714,-0.414507871,1
2008,Kazakhstan,9,67.301,48.16,-0.368701495,-0.715162934,1,1,0,-0.047541568,0.853941072,1
2009,Kazakhstan,9,67.301,48.16,-0.54384104,-0.932023593,1,1,0,-0.126096999,0.853941072,1
2011,Kazakhstan,9,67.301,48.16,-1.069259674,-0.498302274,1,1,0,0.031013862,0.45848346,1
2012,Kazakhstan,9,67.301,48.16,-0.54384104,-0.281441615,1,1,0,0.148847008,0.361484423,1
2013,Kazakhstan,9,67.301,48.16,-0.193561951,-0.498302274,1,1,0,0.101713749,0.257023922,1
2014,Kazakhstan,9,67.301,48.16,-0.105992178,-0.715162934,1,1,0,0.156702551,0.257023922,1
2015,Kazakhstan,9,67.301,48.16,0.069147366,-0.932023593,1,1,0,0.125280379,0.316715637,1
2016,Kazakhstan,9,67.301,48.16,0.244286911,-0.715162934,1,1,0,0.148847008,0.197332207,1
2017,Kazakhstan,9,67.301,48.16,0.156717139,0.416849708,1,1,2,0.573046332,0.279408315,1
2018,Kazakhstan,9,67.301,48.16,0.156717139,0.412512495,1,1,2,0.580901875,0.063025848,1
2019,Kazakhstan,9,67.301,48.16,0.244286911,0.555640531,1,1,2,0.290246782,0.391330281,1
2006,Kenya,1,37.858,0.53,-0.718980584,0.152279704,0,1,0,-0.157519171,-0.772658161,0
2007,Kenya,1,37.858,0.53,-0.718980584,-0.281441615,0,1,0,-0.165374714,0.018257062,0
2008,Kenya,1,37.858,0.53,-0.631410812,-0.498302274,0,1,0,-0.188941343,0.018257062,0
2009,Kenya,1,37.858,0.53,-0.631410812,-0.715162934,0,1,0,-0.236074601,-0.220509798,0
2011,Kenya,1,37.858,0.53,-0.806550357,-0.715162934,0,1,0,-0.338196661,-0.145895154,0
2012,Kenya,1,37.858,0.53,-0.631410812,-0.715162934,0,1,0,-0.330341118,-0.60104448,0
2013,Kenya,1,37.858,0.53,-0.368701495,-0.715162934,0,1,0,-0.456029806,-0.60104448,0
2014,Kenya,1,37.858,0.53,-0.105992178,-0.715162934,0,1,0,-0.36176329,-0.145895154,0
2015,Kenya,1,37.858,0.53,-0.105992178,-0.715162934,0,1,0,-0.479596435,-0.802504018,0
2016,Kenya,1,37.858,0.53,0.156717139,-0.715162934,0,1,0,-0.330341118,-0.683120588,0
2017,Kenya,1,37.858,0.53,0.506996228,-0.060243742,0,1,0,-0.644562839,-0.563737159,0
2018,Kenya,1,37.858,0.53,0.506996228,0.061198227,0,1,0,-0.550296323,-0.369739085,0
2019,Kenya,1,37.858,0.53,0.244286911,0.317093805,0,1,0,-0.518874151,-1.071116736,0
2006,Kuwait,4,47.376,29.476,-0.281131723,0.152279704,0,1,0,0.376657756,0.182409278,0
2007,Kuwait,4,47.376,29.476,-0.193561951,0.152279704,0,1,0,0.368802213,0.182409278,0
2008,Kuwait,4,47.376,29.476,-0.193561951,0.369140363,0,1,0,0.502346444,0.465944924,0
2009,Kuwait,4,47.376,29.476,0.156717139,0.152279704,0,1,0,0.305957869,0.465944924,0
2011,Kuwait,4,47.376,29.476,0.069147366,0.152279704,0,1,0,0.250969067,0.510713711,0
2012,Kuwait,4,47.376,29.476,0.156717139,0.152279704,0,1,0,0.062436034,0.510713711,0
2013,Kuwait,4,47.376,29.476,-0.018422406,0.152279704,0,1,0,0.109569293,0.152563421,0
2014,Kuwait,4,47.376,29.476,-0.281131723,0.152279704,0,1,0,0.046724948,0.145101957,0
2015,Kuwait,4,47.376,29.476,-0.105992178,-0.064580956,0,1,0,0.062436034,0.107794635,0
2016,Kuwait,4,47.376,29.476,-0.018422406,-0.064580956,0,1,0,0.07814712,0.182409278,0
2017,Kuwait,4,47.376,29.476,0.069147366,0.390826429,1,1,0,0.266680153,0.294331244,1
2018,Kuwait,4,47.376,29.476,0.156717139,0.239023968,1,1,0,0.038869405,0.324177101,1
2019,Kuwait,4,47.376,29.476,0.244286911,0.278058886,1,1,0,-0.071108197,0.316715637,1
2006,Lesotho,1,28.243,-29.581,-1.156829446,0.152279704,0,1,0,-0.550296323,0.227178065,0
2007,Lesotho,1,28.243,-29.581,-1.156829446,-0.281441615,0,1,0,-0.668129468,-1.518804598,0
2008,Lesotho,1,28.243,-29.581,-0.54384104,-0.281441615,0,1,0,-0.754540442,-1.369575311,0
2009,Lesotho,1,28.243,-29.581,-0.368701495,-0.281441615,0,1,0,-0.943073475,-1.324806524,0
2011,Lesotho,1,28.243,-29.581,-0.894120129,-0.281441615,0,1,0,-1.115895422,-0.832349876,0
2012,Lesotho,1,28.243,-29.581,-0.718980584,-0.281441615,0,1,0,-1.186595309,-0.421969336,0
2013,Lesotho,1,28.243,-29.581,-0.456271267,-0.281441615,0,1,0,-1.084473249,-0.421969336,0
2014,Lesotho,1,28.243,-29.581,-0.281131723,-0.281441615,0,1,0,-0.958784561,-0.459276657,0
2015,Lesotho,1,28.243,-29.581,0.244286911,-0.498302274,0,1,0,-0.950929018,-0.757735232,0
2016,Lesotho,1,28.243,-29.581,0.156717139,-0.715162934,0,1,0,-0.872373587,0.824095214,0
2017,Lesotho,1,28.243,-29.581,-0.281131723,0.221675115,0,1,0,-0.613140667,0.40625321,0
2018,Lesotho,1,28.243,-29.581,-0.193561951,0.126256425,0,1,0,-0.613140667,-0.466738122,0
2019,Lesotho,1,28.243,-29.581,-0.193561951,-0.216383417,0,1,0,-0.675985011,0.465944924,0
2006,Malaysia,1,112.5,2.5,1.119984634,0.152279704,0,1,0,-0.008263853,0.137640492,0
2007,Malaysia,1,112.5,2.5,1.119984634,0.152279704,0,1,0,0.164558094,0.152563421,0
2008,Malaysia,1,112.5,2.5,0.857275317,0.152279704,0,1,0,0.172413637,0.107794635,0
2009,Malaysia,1,112.5,2.5,0.594566,0.152279704,0,1,0,0.227402438,0.257023922,0
2011,Malaysia,1,112.5,2.5,0.944845089,0.152279704,0,1,0,0.36094667,0.294331244,0
2012,Malaysia,1,112.5,2.5,0.944845089,0.152279704,0,1,0,0.368802213,0.301792708,0
2013,Malaysia,1,112.5,2.5,0.857275317,0.369140363,0,1,0,0.345235584,0.16748635,0
2014,Malaysia,1,112.5,2.5,1.207554406,0.369140363,0,1,0,0.62017959,0.122717563,0
2015,Malaysia,1,112.5,2.5,1.382693951,0.369140363,0,1,0,0.714446107,0.391330281,0
2016,Malaysia,1,112.5,2.5,1.295124179,0.369140363,0,1,0,0.769434908,0.495790782,0
2017,Malaysia,1,112.5,2.5,1.295124179,1.68331596,0,1,0,0.950112398,0.480867853,0
2018,Malaysia,1,112.5,2.5,1.382693951,1.618257762,0,1,0,1.005101199,0.943478644,0
2019,Malaysia,1,112.5,2.5,1.382693951,1.631269401,0,1,0,0.965823484,0.540559568,0
2006,Mali,1,-4,17,-0.456271267,-0.715162934,0,1,0,-0.597429581,-0.817426947,0
2007,Mali,1,-4,17,-0.456271267,-0.715162934,0,1,0,-0.550296323,-0.459276657,0
2008,Mali,1,-4,17,-0.54384104,-0.715162934,0,1,0,-0.479596435,-0.459276657,0
2009,Mali,1,-4,17,-0.54384104,-0.715162934,0,1,0,-0.479596435,-0.130972225,0
2011,Mali,1,-4,17,-0.894120129,-0.715162934,0,1,0,-0.424607634,-0.116049296,0
2012,Mali,1,-4,17,-0.806550357,-0.715162934,0,1,0,-0.463885349,-0.116049296,0
2013,Mali,1,-4,17,-0.981689901,-0.715162934,0,1,0,-0.416752091,-0.116049296,0
2014,Mali,1,-4,17,-0.718980584,-1.148884253,0,1,0,-0.487451978,-0.116049296,0
2015,Mali,1,-4,17,-0.193561951,-0.932023593,0,1,0,-0.416752091,-0.116049296,0
2016,Mali,1,-4,17,0.069147366,-0.932023593,0,1,0,-0.408896548,-0.339893227,0
2017,Mali,1,-4,17,-0.105992178,-0.42456965,0,1,0,-0.243930144,-0.347354692,0
2018,Mali,1,-4,17,-0.368701495,-0.632755883,0,1,0,-0.322485575,-0.451815193,0
2019,Mali,1,-4,17,-0.368701495,-0.554686046,0,1,0,-0.283207859,-0.369739085,0
2006,Mauritania,1,-12,20,-0.456271267,-0.715162934,0,1,0,-0.471740892,-0.90696452,0
2007,Mauritania,1,-12,20,-0.631410812,-0.715162934,0,1,0,-0.636707296,-0.250355655,0
2008,Mauritania,1,-12,20,-0.981689901,-0.715162934,0,1,0,-0.511018608,-0.339893227,0
2009,Mauritania,1,-12,20,-1.244399218,-0.932023593,0,1,0,-0.613140667,0.063025848,0
2011,Mauritania,1,-12,20,-0.981689901,-0.932023593,0,1,0,-0.754540442,-0.362277621,0
2012,Mauritania,1,-12,20,-0.806550357,-0.932023593,0,1,0,-0.683840554,-0.362277621,0
2013,Mauritania,1,-12,20,-1.156829446,-0.932023593,0,1,0,-0.738829356,-0.742812303,0
2014,Mauritania,1,-12,20,-1.419538763,-0.932023593,0,1,0,-0.668129468,-0.4294308,0
2015,Mauritania,1,-12,20,-1.507108535,-0.932023593,0,1,0,-0.660273925,-0.4294308,0
2016,Mauritania,1,-12,20,-0.894120129,-0.932023593,0,1,0,-0.54244078,-0.4294308,0
2017,Mauritania,1,-12,20,-0.718980584,-1.040453923,0,1,0,-0.573862952,-0.929348913,0
2018,Mauritania,1,-12,20,-0.368701495,-0.979732938,0,1,0,-0.605285124,-0.989040628,0
2019,Mauritania,1,-12,20,-0.368701495,-0.823593264,0,1,0,-0.471740892,-0.90696452,0
2006,Mauritius,1,57.583,-20.255,0.156717139,1.019722342,0,1,0,0.447357643,-1.175577237,0
2007,Mauritius,1,57.583,-20.255,0.244286911,0.586001023,0,1,0,0.604468504,0.391330281,0
2008,Mauritius,1,57.583,-20.255,0.244286911,0.586001023,0,1,0,0.855845881,0.436099067,0
2009,Mauritius,1,57.583,-20.255,0.156717139,0.586001023,0,1,0,0.989390113,0.898709858,0
2011,Mauritius,1,57.583,-20.255,-0.018422406,0.586001023,0,1,0,1.138645431,0.98824743,0
2012,Mauritius,1,57.583,-20.255,-0.018422406,0.802861682,0,1,0,1.201489775,0.980785966,0
2013,Mauritius,1,57.583,-20.255,0.156717139,1.019722342,0,1,0,1.193634232,0.980785966,0
2014,Mauritius,1,57.583,-20.255,0.331856683,0.802861682,0,1,0,1.16221206,1.033016217,0
2015,Mauritius,1,57.583,-20.255,0.506996228,0.802861682,0,1,0,1.154356517,1.018093288,0
2016,Mauritius,1,57.583,-20.255,0.594566,0.586001023,0,1,0,1.020812285,1.033016217,0
2017,Mauritius,1,57.583,-20.255,0.506996228,0.776838403,0,1,0,1.020812285,1.040477681,0
2018,Mauritius,1,57.583,-20.255,0.594566,0.96333857,0,1,0,1.052234457,1.040477681,0
2019,Mauritius,1,57.583,-20.255,0.594566,0.998036276,0,1,0,0.887268053,1.018093288,0
2006,Mexico,1,-102,23,-0.281131723,0.152279704,0,1,2,0.235257981,-1.294960667,0
2007,Mexico,1,-102,23,-0.281131723,0.152279704,0,1,2,0.337380041,0.212255136,0
2008,Mexico,1,-102,23,-0.54384104,0.152279704,0,1,2,0.353091127,0.316715637,0
2009,Mexico,1,-102,23,-0.54384104,0.152279704,0,1,2,0.321668955,0.40625321,0
2011,Mexico,1,-102,23,-0.54384104,0.152279704,0,1,2,0.478779815,0.480867853,0
2012,Mexico,1,-102,23,-0.281131723,0.152279704,0,1,2,0.282391239,-0.138433689,0
2013,Mexico,1,-102,23,-0.193561951,0.152279704,0,1,2,0.415935471,0.436099067,0
2014,Mexico,1,-102,23,-0.281131723,0.152279704,0,1,2,0.400224385,0.809172285,0
2015,Mexico,1,-102,23,-0.018422406,0.152279704,0,1,2,0.368802213,0.809172285,0
2016,Mexico,1,-102,23,0.331856683,0.152279704,0,1,2,0.274535696,0.331638566,0
2017,Mexico,1,-102,23,0.244286911,0.503593972,0,1,2,0.148847008,0.391330281,0
2018,Mexico,1,-102,23,0.244286911,0.525280038,0,1,3,0.243113524,0.98824743,0
2019,Mexico,1,-102,23,0.244286911,0.546966104,0,1,3,0.235257981,0.495790782,0
2006,Mongolia,9,105,46,-1.244399218,-0.715162934,0,1,0,0.054580491,0.16748635,0
2007,Mongolia,9,105,46,-1.244399218,-0.715162934,1,1,0,-0.110385913,0.391330281,1
2008,Mongolia,9,105,46,-1.156829446,-0.715162934,1,1,0,0.148847008,0.495790782,1
2009,Mongolia,9,105,46,-1.156829446,-0.715162934,1,1,0,0.086002663,0.480867853,1
2011,Mongolia,9,105,46,-1.419538763,-0.715162934,1,1,0,-0.173230257,0.376407352,1
2012,Mongolia,9,105,46,-1.244399218,-0.715162934,1,1,0,-0.016119396,0.376407352,1
2013,Mongolia,9,105,46,-1.156829446,-0.715162934,1,1,0,-0.00040831,0.376407352,1
2014,Mongolia,9,105,46,-0.981689901,-0.715162934,1,1,0,-0.220363515,-0.004127331,1
2015,Mongolia,9,105,46,-0.54384104,-0.715162934,1,1,0,-0.196796886,0.003334134,1
2016,Mongolia,9,105,46,-0.456271267,-0.715162934,1,1,0,-0.1810858,-0.354816156,1
2017,Mongolia,9,105,46,-0.54384104,0.208663475,1,1,0,-0.54244078,0.010795598,1
2018,Mongolia,9,105,46,-0.54384104,0.195651836,1,1,0,-0.471740892,0.085410242,1
2019,Mongolia,9,105,46,-0.631410812,0.074209867,1,1,0,-0.495307522,0.077948777,1
2006,Morocco,8,-5,32,-0.281131723,-0.715162934,0,1,0,-0.8016737,-2.951405757,0
2007,Morocco,8,-5,32,-0.018422406,-0.715162934,0,1,0,-0.416752091,-1.02634795,0
2008,Morocco,8,-5,32,-0.456271267,-0.498302274,0,1,0,-0.479596435,-0.90696452,0
2009,Morocco,8,-5,32,-0.631410812,-0.498302274,0,1,0,-0.314630032,-0.504045444,0
2011,Morocco,8,-5,32,-0.281131723,-0.281441615,1,1,0,-0.165374714,0.077948777,1
2012,Morocco,8,-5,32,-0.368701495,-0.281441615,1,1,0,-0.118241456,0.070487313,1
2013,Morocco,8,-5,32,-0.456271267,-0.281441615,1,1,0,-0.165374714,-0.295124441,1
2014,Morocco,8,-5,32,-0.105992178,-0.281441615,1,1,0,-0.267496773,-1.190500166,1
2015,Morocco,8,-5,32,0.156717139,-0.281441615,1,1,0,-0.126096999,0.257023922,1
2016,Morocco,8,-5,32,0.419426456,-0.281441615,1,1,3,-0.031830482,0.525636639,1
2017,Morocco,8,-5,32,0.506996228,0.369140363,1,1,3,-0.016119396,0.689788856,1
2018,Morocco,8,-5,32,0.682135772,0.317093805,1,1,4,0.015302776,0.346561495,1
2019,Morocco,8,-5,32,0.944845089,0.464559054,1,1,6,0.093858206,0.197332207,1
2006,Mozambique,1,37.923,-14.422,-1.069259674,-0.715162934,0,1,0,-0.770251528,-0.712966446,0
2007,Mozambique,1,37.923,-14.422,-1.069259674,-0.715162934,0,1,0,-0.550296323,-0.339893227,0
2008,Mozambique,1,37.923,-14.422,-1.156829446,-0.715162934,0,1,0,-0.495307522,-0.145895154,0
2009,Mozambique,1,37.923,-14.422,-1.156829446,-0.715162934,0,1,0,-0.471740892,-0.101126368,0
2011,Mozambique,1,37.923,-14.422,-1.156829446,-0.715162934,0,1,0,-0.385329919,0.465944924,0
2012,Mozambique,1,37.923,-14.422,-1.069259674,-0.715162934,0,1,0,-0.36176329,0.473406389,0
2013,Mozambique,1,37.923,-14.422,-0.981689901,-0.715162934,0,1,0,-0.526729694,0.04810292,0
2014,Mozambique,1,37.923,-14.422,-0.981689901,-0.715162934,0,1,0,-0.526729694,0.055564384,0
2015,Mozambique,1,37.923,-14.422,-0.718980584,-0.715162934,0,1,0,-0.54244078,0.04810292,0
2016,Mozambique,1,37.923,-14.422,-0.54384104,-0.715162934,0,1,0,-0.668129468,-0.295124441,0
2017,Mozambique,1,37.923,-14.422,-0.54384104,-0.255418336,0,1,0,-0.927362389,0.145101957,0
2018,Mozambique,1,37.923,-14.422,-0.631410812,-0.480953422,0,1,0,-1.210161938,0.145101957,0
2019,Mozambique,1,37.923,-14.422,-0.718980584,-0.54601162,0,1,0,-1.029484448,0.242100993,0
2006,Namibia,1,17,-22,-0.018422406,-0.715162934,0,1,0,-0.07896374,0.227178065,0
2007,Namibia,1,17,-22,0.244286911,-0.715162934,0,1,0,0.140991465,1.062862074,0
2008,Namibia,1,17,-22,0.594566,-0.715162934,0,1,0,-0.023974939,0.943478644,0
2009,Namibia,1,17,-22,0.682135772,-0.715162934,0,1,0,0.054580491,1.018093288,0
2011,Namibia,1,17,-22,0.682135772,-0.715162934,0,1,0,0.07814712,0.868864,0
2012,Namibia,1,17,-22,0.419426456,-0.715162934,0,1,0,0.015302776,0.876325465,0
2013,Namibia,1,17,-22,0.419426456,-0.715162934,0,1,0,-0.110385913,0.503252246,0
2014,Namibia,1,17,-22,0.419426456,-0.715162934,0,1,0,-0.1810858,0.607712747,0
2015,Namibia,1,17,-22,0.682135772,-0.715162934,0,1,0,-0.165374714,-0.265278584,0
2016,Namibia,1,17,-22,0.769705545,-0.715162934,0,1,0,0.015302776,0.645020069,0
2017,Namibia,1,17,-22,0.682135772,0.317093805,0,1,0,0.062436034,0.652481534,0
2018,Namibia,1,17,-22,0.769705545,0.438535774,0,1,0,-0.251785687,0.637558605,0
2019,Namibia,1,17,-22,0.769705545,0.408175282,0,1,0,-0.236074601,0.615174212,0
2006,Nepal,9,83.939,28.253,-1.33196899,-0.715162934,0,1,0,-0.628851753,-1.563573384,0
2007,Nepal,9,83.939,28.253,-1.33196899,-0.715162934,1,1,0,-0.573862952,-0.996502092,1
2008,Nepal,9,83.939,28.253,-1.069259674,-0.715162934,1,1,0,-0.597429581,-0.996502092,1
2009,Nepal,9,83.939,28.253,-1.069259674,-0.715162934,1,1,0,-0.668129468,-0.862195733,1
2011,Nepal,9,83.939,28.253,-1.069259674,-0.715162934,1,1,0,-0.911651303,-0.996502092,1
2012,Nepal,9,83.939,28.253,-0.894120129,-0.715162934,1,1,0,-0.90379576,-0.989040628,1
2013,Nepal,9,83.939,28.253,-0.806550357,-0.715162934,1,1,0,-0.888084674,-1.041270878,1
2014,Nepal,9,83.939,28.253,-0.806550357,-0.715162934,1,1,0,-0.911651303,-1.02634795,1
2015,Nepal,9,83.939,28.253,-0.631410812,-0.715162934,1,1,0,-0.817384786,-0.966656235,1
2016,Nepal,9,83.939,28.253,-0.368701495,-0.715162934,1,1,0,-0.848806958,-1.429267025,1
2017,Nepal,9,83.939,28.253,-0.281131723,-0.398546371,1,1,0,-0.518874151,-0.496583979,1
2018,Nepal,9,83.939,28.253,-0.456271267,-0.389871945,1,1,0,-0.597429581,-0.608505945,1
2019,Nepal,9,83.939,28.253,-0.368701495,-0.31613932,1,1,0,-0.62099621,-1.071116736,1
2006,New.Zealand,7,174,-41,1.645403268,1.88716498,0,1,0,1.594266927,0.331638566,0
2007,New.Zealand,7,174,-41,1.73297304,1.88716498,0,1,0,1.547133669,0.689788856,0
2008,New.Zealand,7,174,-41,1.73297304,1.88716498,0,1,0,1.492144867,0.451021996,0
2009,New.Zealand,7,174,-41,1.908112585,2.104025639,0,1,0,1.594266927,0.734557642,0
2011,New.Zealand,7,174,-41,1.73297304,2.104025639,0,1,0,1.617833556,0.883786929,0
2012,New.Zealand,7,174,-41,1.995682357,2.104025639,1,1,0,1.60212247,0.898709858,0
2013,New.Zealand,7,174,-41,1.908112585,2.104025639,1,1,0,1.547133669,0.898709858,0
2014,New.Zealand,7,174,-41,1.908112585,2.104025639,1,1,0,1.531422583,0.898709858,0
2015,New.Zealand,7,174,-41,1.995682357,2.104025639,1,1,0,1.60212247,0.898709858,0
2016,New.Zealand,7,174,-41,1.995682357,2.104025639,1,1,0,1.562844755,0.928555715,0
2017,New.Zealand,7,174,-41,2.083252129,2.151734984,1,1,0,1.727811159,0.943478644,0
2018,New.Zealand,7,174,-41,1.908112585,2.108362852,1,1,0,1.767088874,0.943478644,0
2019,New.Zealand,7,174,-41,1.73297304,2.104025639,1,1,0,1.78279996,1.316551863,0
2006,Nicaragua,1,-85,13,-0.981689901,-0.715162934,0,1,0,0.164558094,0.212255136,0
2007,Nicaragua,1,-85,13,-0.894120129,-0.715162934,0,1,0,0.07814712,0.570405426,0
2008,Nicaragua,1,-85,13,-0.981689901,-0.932023593,0,1,0,-0.071108197,0.331638566,0
2009,Nicaragua,1,-85,13,-0.981689901,-0.932023593,0,1,0,-0.149663628,0.331638566,0
2011,Nicaragua,1,-85,13,-1.069259674,-1.148884253,0,1,0,-0.228219058,0.749480571,0
2012,Nicaragua,1,-85,13,-0.631410812,-1.365744912,0,1,0,-0.298918946,0.756942035,0
2013,Nicaragua,1,-85,13,-0.281131723,-1.365744912,0,1,0,-0.401041005,0.794249357,0
2014,Nicaragua,1,-85,13,-0.631410812,-1.365744912,0,1,0,-0.25964123,0.794249357,0
2015,Nicaragua,1,-85,13,-0.718980584,-1.582605572,0,1,0,-0.322485575,0.794249357,0
2016,Nicaragua,1,-85,13,-0.718980584,-1.582605572,0,1,0,-0.243930144,0.853941072,0
2017,Nicaragua,1,-85,13,-0.54384104,-0.667453589,0,1,0,-0.196796886,0.465944924,0
2018,Nicaragua,1,-85,13,-0.54384104,-0.72383736,0,1,0,-0.220363515,0.465944924,0
2019,Nicaragua,1,-85,13,-0.54384104,-0.567697685,0,1,0,-0.314630032,0.092871706,0
2006,Nigeria,1,8,10,-0.718980584,-0.715162934,0,1,0,-1.021628905,-1.757571458,0
2007,Nigeria,1,8,10,-0.806550357,-0.715162934,0,1,0,-0.479596435,-0.981579163,0
2008,Nigeria,1,8,10,-0.806550357,-0.715162934,0,1,0,-0.518874151,-0.847272805,0
2009,Nigeria,1,8,10,-0.631410812,-0.715162934,0,1,0,-0.518874151,-0.966656235,0
2011,Nigeria,1,8,10,-0.894120129,-0.715162934,0,1,0,-0.393185462,-0.727889375,0
2012,Nigeria,1,8,10,-0.806550357,-0.715162934,0,1,0,-0.424607634,-0.809965483,0
2013,Nigeria,1,8,10,-0.894120129,-0.715162934,0,1,0,-0.518874151,-0.809965483,0
2014,Nigeria,1,8,10,-0.981689901,-0.715162934,0,1,0,-0.581718495,-0.817426947,0
2015,Nigeria,1,8,10,-0.631410812,-0.715162934,0,1,0,-0.479596435,-0.817426947,0
2016,Nigeria,1,8,10,-0.368701495,-0.715162934,0,1,0,-0.330341118,-0.742812303,0
2017,Nigeria,1,8,10,-0.54384104,-0.485290635,0,1,0,-0.36176329,-0.929348913,0
2018,Nigeria,1,8,10,-0.631410812,-0.368185879,0,1,0,-0.251785687,-0.690582053,0
2019,Nigeria,1,8,10,-0.718980584,-0.433244077,0,1,0,-0.346052204,-0.921887448,0
2006,Norway,8,8.74,61.152,1.557833495,1.88716498,0,1,0,0.486635358,0.704711784,0
2007,Norway,8,8.74,61.152,1.557833495,1.88716498,0,1,0,0.486635358,1.077785003,0
2008,Norway,8,8.74,61.152,1.73297304,1.88716498,0,1,0,0.54162416,0.853941072,0
2009,Norway,8,8.74,61.152,1.645403268,1.88716498,0,1,0,0.667312848,1.077785003,0
2011,Norway,8,8.74,61.152,1.557833495,1.88716498,1,1,0,0.675168391,1.092707932,1
2012,Norway,8,8.74,61.152,1.470263723,1.88716498,1,1,0,0.557335246,1.085246467,1
2013,Norway,8,8.74,61.152,1.470263723,1.88716498,1,1,0,0.690879477,1.085246467,1
2014,Norway,8,8.74,61.152,1.557833495,1.88716498,1,1,0,0.72230165,1.070323538,1
2015,Norway,8,8.74,61.152,1.73297304,1.88716498,1,1,0,0.793001537,1.092707932,1
2016,Norway,8,8.74,61.152,1.908112585,1.88716498,1,1,0,0.714446107,0.973324502,1
2017,Norway,8,8.74,61.152,1.73297304,1.744036944,1,1,0,0.965823484,0.965863037,1
2018,Norway,8,8.74,61.152,1.470263723,1.731025305,1,1,0,0.989390113,0.980785966,1
2019,Norway,8,8.74,61.152,1.470263723,1.718013665,1,1,0,0.887268053,0.630097141,1
2006,Pakistan,9,70,30,-0.718980584,-0.715162934,0,1,0,-0.298918946,-1.175577237,0
2007,Pakistan,9,70,30,-0.193561951,-0.715162934,1,1,0,-0.353907747,-0.832349876,1
2008,Pakistan,9,70,30,-0.54384104,-0.715162934,1,1,0,-0.479596435,-0.712966446,1
2009,Pakistan,9,70,30,-0.718980584,-0.715162934,1,1,0,-0.369618833,-0.683120588,1
2011,Pakistan,9,70,30,-0.631410812,-0.715162934,1,1,0,-0.518874151,-0.578660087,1
2012,Pakistan,9,70,30,-0.718980584,-0.715162934,1,1,0,-0.550296323,-0.653274731,1
2013,Pakistan,9,70,30,-0.806550357,-0.715162934,1,1,0,-0.518874151,-0.653274731,1
2014,Pakistan,9,70,30,-0.806550357,-0.715162934,1,1,3,-0.511018608,-0.742812303,1
2015,Pakistan,9,70,30,-0.54384104,-0.715162934,1,1,3,-0.479596435,-0.683120588,1
2016,Pakistan,9,70,30,-0.368701495,-0.715162934,1,1,3,-0.456029806,-0.727889375,1
2017,Pakistan,9,70,30,-0.193561951,-0.43758129,1,1,3,-0.699551641,-0.563737159,1
2018,Pakistan,9,70,30,0.069147366,-0.454930143,1,1,5,-0.573862952,-0.660736195,1
2019,Pakistan,9,70,30,0.156717139,-0.216383417,1,1,5,-0.526729694,-0.742812303,1
2006,Panama,1,-80.92,8.384,-0.105992178,-0.715162934,0,1,0,0.305957869,-0.265278584,0
2007,Panama,1,-80.92,8.384,0.244286911,-0.715162934,0,1,0,0.227402438,0.107794635,0
2008,Panama,1,-80.92,8.384,0.156717139,-0.715162934,0,1,0,0.235257981,0.107794635,0
2009,Panama,1,-80.92,8.384,-0.018422406,-0.715162934,0,1,0,0.235257981,0.107794635,0
2011,Panama,1,-80.92,8.384,0.331856683,-0.281441615,0,1,0,0.250969067,0.077948777,0
2012,Panama,1,-80.92,8.384,0.682135772,-0.281441615,0,1,0,0.274535696,0.003334134,0
2013,Panama,1,-80.92,8.384,0.682135772,-0.715162934,0,1,0,0.062436034,0.003334134,0
2014,Panama,1,-80.92,8.384,0.506996228,-0.715162934,0,1,0,0.133135922,-0.041434653,0
2015,Panama,1,-80.92,8.384,0.594566,-0.715162934,0,1,0,0.188124723,0.271946851,0
2016,Panama,1,-80.92,8.384,0.857275317,-0.715162934,0,1,0,0.243113524,0.227178065,0
2017,Panama,1,-80.92,8.384,0.769705545,0.633710368,0,1,0,0.36094667,0.227178065,0
2018,Panama,1,-80.92,8.384,0.506996228,0.625035942,0,1,0,0.415935471,0.227178065,0
2019,Panama,1,-80.92,8.384,0.506996228,0.603349876,0,1,0,0.431646557,0.331638566,0
2006,Paraguay,1,-58,-23,-1.507108535,-0.715162934,0,1,0,-0.479596435,-0.011588795,0
2007,Paraguay,1,-58,-23,-1.33196899,-0.715162934,0,1,0,-0.267496773,0.197332207,0
2008,Paraguay,1,-58,-23,-1.419538763,-0.498302274,0,1,0,-0.133952542,0.271946851,0
2009,Paraguay,1,-58,-23,-1.507108535,-0.715162934,0,1,0,-0.055397111,0.659942998,0
2011,Paraguay,1,-58,-23,-1.33196899,-0.715162934,0,1,0,0.046724948,0.615174212,0
2012,Paraguay,1,-58,-23,-1.419538763,-0.715162934,0,1,0,0.007447233,0.592789819,0
2013,Paraguay,1,-58,-23,-1.33196899,-0.715162934,0,1,0,-0.047541568,0.592789819,0
2014,Paraguay,1,-58,-23,-1.156829446,-0.715162934,0,1,0,0.023158319,0.473406389,0
2015,Paraguay,1,-58,-23,-0.718980584,-0.715162934,0,1,0,-0.047541568,0.495790782,0
2016,Paraguay,1,-58,-23,-0.368701495,-0.715162934,0,1,0,-0.016119396,0.107794635,0
2017,Paraguay,1,-58,-23,-0.368701495,-0.359511452,0,1,0,0.054580491,0.137640492,0
2018,Paraguay,1,-58,-23,-0.368701495,-0.355174239,0,1,0,0.031013862,0.10033317,0
2019,Paraguay,1,-58,-23,-0.368701495,-0.303127681,0,1,0,0.007447233,0.137640492,0
2006,Peru,1,-75.552,-9.326,-0.981689901,-0.715162934,0,1,0,-0.094674827,-0.563737159,0
2007,Peru,1,-75.552,-9.326,-0.981689901,-0.281441615,0,1,0,0.07814712,-0.160818083,0
2008,Peru,1,-75.552,-9.326,-1.156829446,-0.281441615,0,1,0,0.164558094,-0.101126368,0
2009,Peru,1,-75.552,-9.326,-1.156829446,-0.281441615,0,1,0,0.227402438,0.346561495,0
2011,Peru,1,-75.552,-9.326,-1.156829446,-0.281441615,0,1,0,0.54162416,0.839018143,0
2012,Peru,1,-75.552,-9.326,-1.069259674,-0.281441615,0,1,0,0.549479703,0.764403499,0
2013,Peru,1,-75.552,-9.326,-0.894120129,-0.281441615,0,1,3,0.510201988,0.764403499,0
2014,Peru,1,-75.552,-9.326,-0.894120129,-0.281441615,0,1,3,0.447357643,0.913632787,0
2015,Peru,1,-75.552,-9.326,-0.456271267,-0.281441615,0,1,3,0.470924272,0.913632787,0
2016,Peru,1,-75.552,-9.326,-0.193561951,-0.281441615,0,1,3,0.447357643,0.913632787,0
2017,Peru,1,-75.552,-9.326,-0.281131723,0.512268399,0,1,3,0.565190789,0.921094251,0
2018,Peru,1,-75.552,-9.326,-0.456271267,0.451547414,0,1,3,0.549479703,0.921094251,0
2019,Peru,1,-75.552,-9.326,-0.54384104,0.416849708,0,1,7,0.478779815,0.868864,0
2006,Philippines,1,122,13,-0.806550357,-0.715162934,0,1,0,-0.424607634,0.376407352,0
2007,Philippines,1,122,13,-0.631410812,-0.715162934,0,1,0,-0.448174263,0.376407352,0
2008,Philippines,1,122,13,-0.631410812,-0.715162934,0,1,0,-0.448174263,0.301792708,0
2009,Philippines,1,122,13,-0.806550357,-0.715162934,0,1,1,-0.385329919,0.28686978,0
2011,Philippines,1,122,13,-0.894120129,-0.715162934,0,1,2,-0.432463177,0.227178065,0
2012,Philippines,1,122,13,-0.54384104,-0.715162934,0,1,2,-0.36176329,0.055564384,0
2013,Philippines,1,122,13,-0.193561951,-0.715162934,0,1,2,-0.275352316,0.055564384,0
2014,Philippines,1,122,13,-0.105992178,-0.715162934,0,1,2,-0.126096999,0.055564384,0
2015,Philippines,1,122,13,0.069147366,-0.715162934,0,1,2,0.038869405,0.04810292,0
2016,Philippines,1,122,13,0.156717139,-0.715162934,0,1,2,0.109569293,0.122717563,0
2017,Philippines,1,122,13,0.244286911,0.117581998,0,1,2,0.305957869,0.122717563,0
2018,Philippines,1,122,13,0.506996228,-0.064580956,0,1,2,0.25882461,0.443560531,0
2019,Philippines,1,122,13,0.594566,0.095895932,0,1,2,0.164558094,0.257023922,0
2006,Qatar,5,51.191,25.316,0.682135772,0.152279704,0,1,0,0.054580491,-0.011588795,0
2007,Qatar,5,51.191,25.316,1.032414862,0.152279704,0,1,0,0.093858206,0.122717563,0
2008,Qatar,5,51.191,25.316,1.119984634,0.152279704,0,1,0,0.038869405,-0.295124441,0
2009,Qatar,5,51.191,25.316,0.594566,0.152279704,0,1,0,0.321668955,0.510713711,0
2011,Qatar,5,51.191,25.316,1.470263723,1.019722342,0,1,0,0.690879477,0.570405426,0
2012,Qatar,5,51.191,25.316,1.73297304,1.019722342,0,1,0,0.753723822,0.57786689,0
2013,Qatar,5,51.191,25.316,1.908112585,1.019722342,0,1,0,0.753723822,0.57786689,0
2014,Qatar,5,51.191,25.316,1.908112585,1.019722342,0,1,0,0.745868279,0.376407352,0
2015,Qatar,5,51.191,25.316,1.820542812,1.019722342,0,1,0,0.714446107,0.525636639,0
2016,Qatar,5,51.191,25.316,1.73297304,0.802861682,0,1,0,0.706590564,0.525636639,0
2017,Qatar,5,51.191,25.316,1.645403268,1.227908575,1,1,0,0.895123596,0.622635676,1
2018,Qatar,5,51.191,25.316,1.295124179,1.032733981,1,1,0,0.855845881,0.637558605,1
2019,Qatar,5,51.191,25.316,1.470263723,0.781175616,1,1,1,0.855845881,0.630097141,1
2006,Russia,9,100,60,-1.244399218,-0.715162934,0,1,0,-0.730973813,-0.90696452,0
2007,Russia,9,100,60,-1.069259674,-0.715162934,1,1,0,-0.746684899,-0.90696452,1
2008,Russia,9,100,60,-0.806550357,-0.715162934,1,1,0,-0.935217932,-2.279873964,1
2009,Russia,9,100,60,-0.981689901,-0.932023593,1,1,0,-0.856662501,-1.041270878,1
2011,Russia,9,100,60,-1.156829446,-0.932023593,1,1,0,-0.88022913,-0.489122515,1
2012,Russia,9,100,60,-1.069259674,-0.932023593,1,1,0,-0.88022913,-0.489122515,1
2013,Russia,9,100,60,-0.806550357,-0.932023593,1,1,5,-0.833095872,0.197332207,1
2014,Russia,9,100,60,-0.718980584,-0.932023593,1,1,9,-0.770251528,-0.011588795,1
2015,Russia,9,100,60,-0.718980584,-1.148884253,1,1,12,-0.754540442,0.018257062,1
2016,Russia,9,100,60,-0.456271267,-1.148884253,1,1,15,-0.872373587,-0.175741011,1
2017,Russia,9,100,60,-0.105992178,0.048186587,1,1,21,-0.36176329,0.033179991,1
2018,Russia,9,100,60,0.069147366,0.095895932,1,1,23,-0.275352316,0.346561495,1
2019,Russia,9,100,60,-0.018422406,0.25637282,1,1,23,-0.220363515,0.227178065,1
2006,Singapore,1,103.8,1.366666667,1.908112585,1.88716498,0,1,0,2.065599509,0.764403499,0
2007,Singapore,1,103.8,1.366666667,2.083252129,1.88716498,0,1,0,1.994899622,1.137476718,0
2008,Singapore,1,103.8,1.366666667,2.170821902,1.88716498,0,1,0,2.010610708,1.137476718,0
2009,Singapore,1,103.8,1.366666667,2.083252129,1.88716498,0,1,0,1.994899622,1.137476718,0
2011,Singapore,1,103.8,1.366666667,1.995682357,1.88716498,0,1,0,2.002755165,1.137476718,0
2012,Singapore,1,103.8,1.366666667,1.995682357,1.88716498,0,1,0,2.026321794,1.137476718,0
2013,Singapore,1,103.8,1.366666667,1.995682357,1.88716498,0,1,0,2.065599509,1.137476718,0
2014,Singapore,1,103.8,1.366666667,2.083252129,1.88716498,0,1,0,2.175577112,1.137476718,0
2015,Singapore,1,103.8,1.366666667,2.083252129,1.88716498,0,1,0,2.175577112,1.137476718,0
2016,Singapore,1,103.8,1.366666667,2.170821902,1.88716498,0,1,0,2.049888423,1.137476718,0
2017,Singapore,1,103.8,1.366666667,2.083252129,2.195107116,0,1,0,2.112732768,1.137476718,0
2018,Singapore,1,103.8,1.366666667,2.170821902,2.251490887,0,1,0,2.128443854,1.137476718,0
2019,Singapore,1,103.8,1.366666667,2.258391674,2.208118756,0,1,0,2.175577112,1.495627008,0
2006,South Korea,2,23.121,-30.558,0.594566,0.152279704,0,1,0,0.156702551,0.227178065,0
2007,South Korea,2,23.121,-30.558,1.382693951,0.152279704,0,1,0,0.140991465,-0.07128051,0
2008,South Korea,2,23.121,-30.558,1.032414862,0.152279704,0,1,0,0.133135922,-0.041434653,0
2009,South Korea,2,23.121,-30.558,0.331856683,0.152279704,0,1,2,0.164558094,0.003334134,0
2011,South Korea,2,23.121,-30.558,0.244286911,0.152279704,0,1,2,0.07814712,0.182409278,0
2012,South Korea,2,23.121,-30.558,0.419426456,0.152279704,0,1,2,0.07814712,0.115256099,0
2013,South Korea,2,23.121,-30.558,0.156717139,0.152279704,0,1,2,0.007447233,0.115256099,0
2014,South Korea,2,23.121,-30.558,-0.105992178,0.152279704,0,1,2,0.062436034,0.10033317,0
2015,South Korea,2,23.121,-30.558,0.331856683,0.152279704,0,1,4,0.070291577,0.137640492,0
2016,South Korea,2,23.121,-30.558,0.506996228,0.152279704,0,1,6,0.015302776,0.16748635,0
2017,South Korea,2,23.121,-30.558,0.506996228,0.915629225,0,1,6,0.046724948,0.189870743,0
2018,South Korea,2,23.121,-30.558,0.682135772,0.919966438,0,1,8,0.101713749,-0.235432726,0
2019,South Korea,2,23.121,-30.558,0.682135772,0.533954465,1,1,10,-0.267496773,0.092871706,0
2006,South.Africa,1,128.103,36.504,1.119984634,1.019722342,0,1,0,0.455213186,-0.727889375,0
2007,South.Africa,1,128.103,36.504,1.207554406,1.019722342,0,1,0,0.478779815,-0.414507871,0
2008,South.Africa,1,128.103,36.504,1.295124179,1.019722342,0,1,1,0.54162416,-0.623428874,0
2009,South.Africa,1,128.103,36.504,1.207554406,1.019722342,0,1,1,0.502346444,-0.339893227,0
2011,South.Africa,1,128.103,36.504,1.032414862,1.019722342,0,1,1,0.635890676,-0.295124441,0
2012,South.Africa,1,128.103,36.504,1.295124179,1.019722342,0,1,2,0.643746219,-0.160818083,0
2013,South.Africa,1,128.103,36.504,1.470263723,1.019722342,0,1,2,0.675168391,-0.160818083,0
2014,South.Africa,1,128.103,36.504,1.295124179,1.019722342,0,1,2,0.745868279,-0.160818083,0
2015,South.Africa,1,128.103,36.504,1.382693951,1.236583001,0,1,2,0.769434908,-0.160818083,0
2016,South.Africa,1,128.103,36.504,1.645403268,1.019722342,0,1,4,0.785145994,-0.011588795,0
2017,South.Africa,1,128.103,36.504,0.857275317,1.35802497,0,1,4,0.989390113,0.354022959,0
2018,South.Africa,1,128.103,36.504,0.506996228,1.427420382,0,1,4,0.950112398,0.421176138,0
2019,South.Africa,1,128.103,36.504,0.769705545,1.423083168,0,1,4,0.832279252,0.421176138,0
2006,Sri.Lanka,1,81,7,-0.456271267,0.152279704,0,1,0,-0.236074601,-0.250355655,0
2007,Sri.Lanka,1,81,7,-0.018422406,0.152279704,0,1,0,-0.1810858,-0.235432726,0
2008,Sri.Lanka,1,81,7,-0.105992178,0.152279704,0,1,0,-0.25964123,-0.384662014,0
2009,Sri.Lanka,1,81,7,-0.193561951,-0.281441615,0,1,0,-0.448174263,-0.280201513,0
2011,Sri.Lanka,1,81,7,0.244286911,-0.281441615,0,1,0,-0.36176329,-0.19066394,0
2012,Sri.Lanka,1,81,7,-0.018422406,-0.281441615,0,1,0,-0.267496773,0.174947814,0
2013,Sri.Lanka,1,81,7,-0.018422406,-0.281441615,0,1,0,-0.07896374,0.107794635,0
2014,Sri.Lanka,1,81,7,0.069147366,-0.281441615,0,1,0,-0.133952542,-0.086203439,0
2015,Sri.Lanka,1,81,7,0.506996228,-0.498302274,0,1,0,-0.243930144,-0.235432726,0
2016,Sri.Lanka,1,81,7,0.594566,-0.281441615,0,1,0,-0.141808085,-0.175741011,0
2017,Sri.Lanka,1,81,7,0.331856683,0.06553544,0,1,0,-0.338196661,-0.01905026,0
2018,Sri.Lanka,1,81,7,0.069147366,0.000477242,0,1,0,-0.306774489,-0.01905026,0
2019,Sri.Lanka,1,81,7,-0.018422406,-0.077592595,0,1,0,-0.416752091,0.107794635,0
2006,Switzerland,8,7.908,46.861,2.083252129,1.88716498,0,1,0,1.350745093,0.540559568,0
2007,Switzerland,8,7.908,46.861,2.170821902,1.88716498,0,1,0,1.280045205,0.913632787,0
2008,Switzerland,8,7.908,46.861,2.170821902,1.88716498,0,1,0,1.397878351,0.928555715,0
2009,Switzerland,8,7.908,46.861,1.995682357,1.88716498,0,1,0,1.390022808,0.794249357,0
2011,Switzerland,8,7.908,46.861,1.995682357,1.88716498,1,1,0,1.586411384,1.137476718,1
2012,Switzerland,8,7.908,46.861,1.908112585,1.88716498,1,1,0,1.52356704,1.137476718,1
2013,Switzerland,8,7.908,46.861,1.908112585,1.88716498,1,1,0,1.515711497,1.137476718,1
2014,Switzerland,8,7.908,46.861,1.908112585,1.88716498,1,1,0,1.562844755,1.137476718,1
2015,Switzerland,8,7.908,46.861,2.083252129,1.88716498,1,1,0,1.476433781,1.137476718,1
2016,Switzerland,8,7.908,46.861,2.345961446,1.88716498,1,1,0,1.515711497,1.137476718,1
2017,Switzerland,8,7.908,46.861,2.433531218,1.752711371,1,1,0,1.554989212,1.137476718,1
2018,Switzerland,8,7.908,46.861,2.258391674,1.635606615,1,1,0,1.570700298,1.137476718,1
2019,Switzerland,8,7.908,46.861,2.170821902,1.68331596,1,1,0,1.586411384,0.943478644,1
2006,Taiwan..China,1,120.946,23.754,0.944845089,1.019722342,0,1,0,0.628035133,0.525636639,0
2007,Taiwan..China,1,120.946,23.754,0.944845089,1.019722342,0,1,0,0.604468504,0.510713711,0
2008,Taiwan..China,1,120.946,23.754,0.944845089,1.019722342,0,1,0,0.675168391,0.891248394,0
2009,Taiwan..China,1,120.946,23.754,1.032414862,1.019722342,0,1,0,0.612324047,0.779326428,0
2011,Taiwan..China,1,120.946,23.754,1.032414862,1.019722342,0,1,0,0.714446107,0.853941072,0
2012,Taiwan..China,1,120.946,23.754,1.207554406,1.019722342,0,1,0,0.80085708,0.764403499,0
2013,Taiwan..China,1,120.946,23.754,1.207554406,1.019722342,0,1,0,0.863701424,0.764403499,0
2014,Taiwan..China,1,120.946,23.754,1.119984634,1.019722342,0,1,0,0.957967941,0.824095214,0
2015,Taiwan..China,1,120.946,23.754,1.207554406,1.019722342,0,1,0,1.052234457,0.868864,0
2016,Taiwan..China,1,120.946,23.754,1.207554406,1.019722342,0,1,0,1.020812285,0.868864,0
2017,Taiwan..China,1,120.946,23.754,1.207554406,1.735362518,0,1,0,1.16221206,0.853941072,0
2018,Taiwan..China,1,120.946,23.754,1.032414862,1.639943828,0,1,0,1.170067603,0.853941072,0
2019,Taiwan..China,1,120.946,23.754,1.295124179,1.687653173,0,1,0,1.225056404,0.913632787,0
2006,Tanzania,1,35,-6,-0.631410812,-0.715162934,0,1,0,-0.251785687,-0.459276657,0
2007,Tanzania,1,35,-6,-0.54384104,-0.715162934,0,1,0,-0.385329919,-0.086203439,0
2008,Tanzania,1,35,-6,-0.806550357,-0.715162934,0,1,0,-0.408896548,-0.116049296,0
2009,Tanzania,1,35,-6,-0.631410812,-0.715162934,0,1,0,-0.267496773,0.063025848,0
2011,Tanzania,1,35,-6,-0.456271267,-0.715162934,0,1,0,-0.369618833,-0.384662014,0
2012,Tanzania,1,35,-6,-0.631410812,-0.715162934,0,1,0,-0.369618833,-0.093664903,0
2013,Tanzania,1,35,-6,-0.54384104,-0.715162934,0,1,0,-0.298918946,-0.093664903,0
2014,Tanzania,1,35,-6,-0.456271267,-0.715162934,0,1,0,-0.306774489,0.152563421,0
2015,Tanzania,1,35,-6,-0.54384104,-0.715162934,0,1,0,-0.330341118,-0.578660087,0
2016,Tanzania,1,35,-6,-0.193561951,-0.932023593,0,1,0,-0.251785687,-0.116049296,0
2017,Tanzania,1,35,-6,-0.105992178,-0.550348833,0,1,0,-0.243930144,0.092871706,0
2018,Tanzania,1,35,-6,0.069147366,-0.368185879,0,1,0,-0.141808085,0.160024885,0
2019,Tanzania,1,35,-6,0.244286911,-0.480953422,0,1,0,-0.118241456,-0.518968372,0
2006,Thailand,1,100.844,15.7,0.331856683,0.152279704,0,1,0,0.125280379,-0.474199586,0
2007,Thailand,1,100.844,15.7,0.244286911,0.152279704,0,1,0,0.140991465,-0.041434653,0
2008,Thailand,1,100.844,15.7,-0.018422406,0.152279704,0,1,5,0.046724948,0.033179991,0
2009,Thailand,1,100.844,15.7,-0.456271267,0.152279704,0,1,5,0.101713749,0.063025848,0
2011,Thailand,1,100.844,15.7,-0.631410812,-0.064580956,0,1,5,0.235257981,0.085410242,0
2012,Thailand,1,100.844,15.7,-0.631410812,-0.064580956,0,1,5,0.250969067,0.033179991,0
2013,Thailand,1,100.844,15.7,-0.631410812,-0.064580956,0,1,5,0.188124723,0.033179991,0
2014,Thailand,1,100.844,15.7,-0.631410812,-0.064580956,0,1,5,0.125280379,0.018257062,0
2015,Thailand,1,100.844,15.7,-0.54384104,-0.281441615,0,1,5,0.054580491,0.04810292,0
2016,Thailand,1,100.844,15.7,-0.456271267,-0.281441615,0,1,7,0.172413637,0.212255136,0
2017,Thailand,1,100.844,15.7,-0.281131723,0.208663475,0,1,7,0.353091127,0.600251283,0
2018,Thailand,1,100.844,15.7,-0.105992178,0.091558719,0,1,7,0.423791014,0.622635676,0
2019,Thailand,1,100.844,15.7,-0.105992178,0.312756592,0,1,7,0.518057531,0.615174212,0
2006,Turkey,8,35.179,39.061,-0.54384104,0.152279704,0,1,4,-0.369618833,0.465944924,0
2007,Turkey,8,35.179,39.061,-0.368701495,0.152279704,0,1,4,-0.338196661,0.465944924,0
2008,Turkey,8,35.179,39.061,-0.718980584,0.152279704,0,1,4,-0.141808085,0.898709858,0
2009,Turkey,8,35.179,39.061,-0.981689901,0.152279704,0,1,4,-0.008263853,0.883786929,0
2011,Turkey,8,35.179,39.061,-0.981689901,0.152279704,1,1,4,0.195980266,0.794249357,1
2012,Turkey,8,35.179,39.061,-0.456271267,0.152279704,1,1,6,0.062436034,0.794249357,1
2013,Turkey,8,35.179,39.061,-0.193561951,0.152279704,1,1,6,0.093858206,0.779326428,1
2014,Turkey,8,35.179,39.061,-0.105992178,0.152279704,1,1,6,0.250969067,0.727096177,1
2015,Turkey,8,35.179,39.061,-0.105992178,-0.064580956,1,1,6,0.117424836,0.734557642,1
2016,Turkey,8,35.179,39.061,-0.105992178,-0.281441615,1,1,6,0.031013862,0.719634713,1
2017,Turkey,8,35.179,39.061,-0.105992178,0.642384794,1,1,6,0.274535696,0.346561495,1
2018,Turkey,8,35.179,39.061,-0.105992178,0.356128724,1,1,7,0.290246782,0.28686978,1
2019,Turkey,8,35.179,39.061,0.069147366,0.403838069,1,0.5,12,0.227402438,0.361484423,1
2006,Uganda,1,32,1,-1.156829446,-0.715162934,0,1,0,0.172413637,-0.056357581,0
2007,Uganda,1,32,1,-0.981689901,-0.715162934,0,1,0,0.109569293,-0.444353729,0
2008,Uganda,1,32,1,-0.981689901,-0.715162934,0,1,0,0.164558094,-0.205586869,0
2009,Uganda,1,32,1,-1.156829446,-0.715162934,0,1,0,0.140991465,0.033179991,0
2011,Uganda,1,32,1,-0.456271267,-0.715162934,0,1,0,-0.00040831,0.003334134,0
2012,Uganda,1,32,1,-0.456271267,-0.715162934,0,1,0,0.015302776,-0.086203439,0
2013,Uganda,1,32,1,-0.894120129,-0.715162934,0,1,0,-0.047541568,-0.086203439,0
2014,Uganda,1,32,1,-0.981689901,-0.715162934,0,1,0,-0.141808085,0.04810292,0
2015,Uganda,1,32,1,-0.456271267,-0.932023593,0,1,0,-0.157519171,0.137640492,0
2016,Uganda,1,32,1,-0.281131723,-0.932023593,0,1,0,-0.188941343,-0.145895154,0
2017,Uganda,1,32,1,-0.368701495,-0.311802107,0,1,0,-0.063252654,0.264485386,0
2018,Uganda,1,32,1,-0.368701495,-0.129639153,0,1,0,0.023158319,0.249562458,0
2019,Uganda,1,32,1,-0.368701495,-0.186022925,0,1,0,-0.157519171,0.04810292,0
2006,Ukraine,8,32,49,-1.069259674,-0.715162934,0,1,0,-0.573862952,0.182409278,0
2007,Ukraine,8,32,49,-0.981689901,-0.715162934,0,1,0,-0.8016737,0.182409278,0
2008,Ukraine,8,32,49,-0.981689901,-0.715162934,0,1,0,-0.840951415,0.555482497,0
2009,Ukraine,8,32,49,-1.069259674,-0.715162934,0,1,0,-1.013773362,0.689788856,0
2011,Ukraine,8,32,49,-1.069259674,-0.715162934,1,1,1,-1.249439653,0.779326428,1
2012,Ukraine,8,32,49,-0.981689901,-0.715162934,1,1,1,-1.225873024,0.719634713,1
2013,Ukraine,8,32,49,-1.156829446,-0.715162934,1,1,1,-1.210161938,0.719634713,1
2014,Ukraine,8,32,49,-0.981689901,-0.715162934,1,1,3,-0.974495647,0.853941072,1
2015,Ukraine,8,32,49,-0.631410812,-1.148884253,1,1,5,-1.16302868,0.824095214,1
2016,Ukraine,8,32,49,-0.54384104,-0.932023593,1,1,5,-1.170884223,0.824095214,1
2017,Ukraine,8,32,49,-0.456271267,-0.22072063,1,1,12,-1.068762163,0.831556679,1
2018,Ukraine,8,32,49,-0.368701495,-0.238069483,1,1,12,-0.770251528,0.473406389,1
2019,Ukraine,8,32,49,-0.368701495,-0.112290301,1,1,12,-0.738829356,0.018257062,1
2006,United.Arab.Emirates,4,54,24,0.682135772,0.152279704,0,1,0,0.038869405,0.018257062,0
2007,United.Arab.Emirates,4,54,24,0.857275317,-0.281441615,0,1,0,0.070291577,0.018257062,0
2008,United.Arab.Emirates,4,54,24,1.207554406,-0.281441615,0,1,0,0.070291577,0.421176138,0
2009,United.Arab.Emirates,4,54,24,1.557833495,-0.281441615,0,1,0,0.235257981,0.451021996,0
2011,United.Arab.Emirates,4,54,24,1.032414862,0.152279704,0,1,0,0.478779815,0.585328354,0
2012,United.Arab.Emirates,4,54,24,1.207554406,0.369140363,0,1,0,0.596612961,0.585328354,0
2013,United.Arab.Emirates,4,54,24,1.295124179,0.369140363,0,1,0,0.738012736,0.585328354,0
2014,United.Arab.Emirates,4,54,24,1.470263723,0.369140363,0,1,0,0.761579365,0.57786689,0
2015,United.Arab.Emirates,4,54,24,1.470263723,0.369140363,0,1,0,0.840134795,0.570405426,0
2016,United.Arab.Emirates,4,54,24,1.645403268,0.369140363,0,1,0,0.855845881,0.600251283,0
2017,United.Arab.Emirates,4,54,24,1.645403268,1.310315625,1,0.5,2,1.193634232,0.652481534,1
2018,United.Arab.Emirates,4,54,24,1.295124179,1.292966773,1,0.5,2,1.248623033,0.712173249,1
2019,United.Arab.Emirates,4,54,24,1.557833495,1.531513498,1,0.5,2,1.248623033,0.719634713,1
2006,United.States,1,-97,38,1.820542812,1.88716498,0,1,15,1.531422583,0.495790782,0
2007,United.States,1,-97,38,1.382693951,1.88716498,0,1,24,1.531422583,0.883786929,0
2008,United.States,1,-97,38,1.557833495,1.88716498,0,1,28,1.515711497,0.898709858,0
2009,United.States,1,-97,38,1.382693951,1.88716498,0,1,47,1.492144867,0.898709858,0
2011,United.States,1,-97,38,1.032414862,1.67030432,0,1,62,1.264334119,0.868864,0
2012,United.States,1,-97,38,1.032414862,1.67030432,0,1,79,1.146500974,0.868864,0
2013,United.States,1,-97,38,1.207554406,1.67030432,0,1,83,1.122934345,0.868864,0
2014,United.States,1,-97,38,1.382693951,1.453443661,0,1,85,1.083656629,0.898709858,0
2015,United.States,1,-97,38,1.73297304,1.453443661,0,1,91,1.138645431,0.913632787,0
2016,United.States,1,-97,38,1.820542812,1.453443661,0,1,98,1.075801086,0.913632787,0
2017,United.States,1,-97,38,1.73297304,1.509827432,0,1,104,1.052234457,0.921094251,0
2018,United.States,1,-97,38,1.820542812,1.423083168,0,1,156,1.099367715,0.891248394,0
2019,United.States,1,-97,38,1.645403268,1.423083168,0,1,166,1.185778689,0.883786929,0
2006,Uruguay,1,-56.012,-32.8,-0.105992178,1.019722342,0,1,0,0.282391239,0.122717563,0
2007,Uruguay,1,-56.012,-32.8,0.069147366,1.019722342,0,1,0,0.525913074,0.510713711,0
2008,Uruguay,1,-56.012,-32.8,0.069147366,1.019722342,0,1,0,0.486635358,0.615174212,0
2009,Uruguay,1,-56.012,-32.8,0.069147366,1.019722342,0,1,0,0.580901875,0.645020069,0
2011,Uruguay,1,-56.012,-32.8,0.156717139,1.019722342,0,1,0,0.651601762,0.615174212,0
2012,Uruguay,1,-56.012,-32.8,0.156717139,1.019722342,0,1,0,0.643746219,0.607712747,0
2013,Uruguay,1,-56.012,-32.8,0.244286911,1.019722342,0,1,0,0.628035133,0.607712747,0
2014,Uruguay,1,-56.012,-32.8,0.244286911,1.019722342,0,1,0,0.596612961,0.57786689,0
2015,Uruguay,1,-56.012,-32.8,0.594566,1.019722342,0,1,0,0.54162416,0.525636639,0
2016,Uruguay,1,-56.012,-32.8,0.857275317,1.019722342,0,1,0,0.557335246,0.436099067,0
2017,Uruguay,1,-56.012,-32.8,0.769705545,1.028396768,0,1,0,0.628035133,0.436099067,0
2018,Uruguay,1,-56.012,-32.8,0.769705545,0.989361849,0,1,0,0.588757418,0.421176138,0
2019,Uruguay,1,-56.012,-32.8,0.769705545,0.945989718,0,1,0,0.54162416,0.28686978,0
2006,Venezuela,1,-66.166,7.125,-1.419538763,-0.715162934,0,1,0,-1.34370617,-0.877118662,0
2007,Venezuela,1,-66.166,7.125,-1.507108535,-0.715162934,0,1,0,-1.084473249,-1.011425021,0
2008,Venezuela,1,-66.166,7.125,-1.594678307,-1.582605572,0,1,0,-1.335850627,-1.503881669,0
2009,Venezuela,1,-66.166,7.125,-1.594678307,-1.799466231,0,1,0,-1.712916693,-1.130808451,0
2011,Venezuela,1,-66.166,7.125,-1.769817852,-1.799466231,0,1,0,-1.893594183,-1.011425021,0
2012,Venezuela,1,-66.166,7.125,-1.857387624,-1.799466231,0,1,0,-1.854316467,-1.190500166,0
2013,Venezuela,1,-66.166,7.125,-1.944957396,-1.799466231,0,1,0,-2.011427328,-1.190500166,0
2014,Venezuela,1,-66.166,7.125,-1.944957396,-1.799466231,0,1,0,-1.995716242,-0.899503055,0
2015,Venezuela,1,-66.166,7.125,-1.857387624,-1.799466231,0,1,0,-2.152827103,-0.892041591,0
2016,Venezuela,1,-66.166,7.125,-1.594678307,-1.799466231,0,1,0,-2.199960361,-0.862195733,0
2017,Venezuela,1,-66.166,7.125,-1.594678307,-1.721396394,0,1,0,-2.726281745,-1.048732343,0
2018,Venezuela,1,-66.166,7.125,-1.857387624,-1.790791805,0,1,0,-2.867681519,-1.19796163,0
2019,Venezuela,1,-66.166,7.125,-1.68224808,-1.686698688,0,1,0,-2.812692718,-1.100962593,0
2006,Vietnam,9,105.314,21.491,-1.069259674,-1.582605572,0,1,0,-0.88022913,-1.280037738,0
2007,Vietnam,9,105.314,21.491,-0.894120129,-1.582605572,1,1,0,-0.935217932,-1.399421168,1
2008,Vietnam,9,105.314,21.491,-0.718980584,-1.582605572,1,1,0,-0.888084674,-0.892041591,1
2009,Vietnam,9,105.314,21.491,-0.718980584,-1.582605572,1,1,0,-0.840951415,-0.847272805,1
2011,Vietnam,9,105.314,21.491,-1.156829446,-1.365744912,1,1,0,-0.793818157,-0.436892264,1
2012,Vietnam,9,105.314,21.491,-1.069259674,-1.365744912,1,1,0,-0.817384786,0.361484423,1
2013,Vietnam,9,105.314,21.491,-0.806550357,-1.365744912,1,1,0,-0.840951415,0.28686978,1
2014,Vietnam,9,105.314,21.491,-0.631410812,-1.365744912,1,1,0,-0.856662501,0.294331244,1
2015,Vietnam,9,105.314,21.491,-0.193561951,-1.365744912,1,1,0,-0.785962614,0.28686978,1
2016,Vietnam,9,105.314,21.491,-0.105992178,-1.365744912,1,1,0,-0.605285124,0.615174212,1
2017,Vietnam,9,105.314,21.491,-0.193561951,0.139268064,1,1,0,-0.730973813,0.622635676,1
2018,Vietnam,9,105.314,21.491,-0.281131723,-0.003859971,1,1,0,-0.675985011,0.294331244,1
2019,Vietnam,9,105.314,21.491,-0.105992178,0.143605278,1,1,0,-0.503163065,0.331638566,1
2006,Zambia,1,30,-15,-1.244399218,0.152279704,0,1,0,-0.385329919,-0.638351802,0
2007,Zambia,1,30,-15,-0.981689901,-0.281441615,0,1,0,-0.432463177,-0.295124441,0
2008,Zambia,1,30,-15,-0.368701495,-0.281441615,0,1,0,-0.432463177,-0.265278584,0
2009,Zambia,1,30,-15,-0.193561951,-0.715162934,0,1,0,-0.401041005,-0.265278584,0
2011,Zambia,1,30,-15,-0.193561951,-0.715162934,0,1,0,-0.157519171,0.570405426,0
2012,Zambia,1,30,-15,-0.018422406,-0.715162934,0,1,0,-0.267496773,0.562943961,0
2013,Zambia,1,30,-15,0.069147366,-0.715162934,0,1,0,-0.236074601,0.562943961,0
2014,Zambia,1,30,-15,0.156717139,-0.715162934,0,1,0,-0.10253037,0.734557642,0
2015,Zambia,1,30,-15,0.419426456,-0.715162934,0,1,0,-0.236074601,0.152563421,0
2016,Zambia,1,30,-15,0.331856683,-0.715162934,0,1,0,-0.228219058,0.257023922,0
2017,Zambia,1,30,-15,0.156717139,0.134930851,0,1,0,-0.463885349,0.264485386,0
2018,Zambia,1,30,-15,-0.105992178,-0.021208824,0,1,0,-0.581718495,0.264485386,0
2019,Zambia,1,30,-15,-0.193561951,-0.064580956,0,1,0,-0.636707296,-0.160818083,0
2006,Zimbabwe,1,29.872,-19,-0.631410812,-1.582605572,0,1,0,-2.215671447,-2.056030033,0
2007,Zimbabwe,1,29.872,-19,-0.806550357,-1.582605572,0,1,0,-2.333504593,-1.653110957,0
2008,Zimbabwe,1,29.872,-19,-0.806550357,-1.582605572,0,1,0,-2.529893169,-1.444189954,0
2009,Zimbabwe,1,29.872,-19,-0.806550357,-1.799466231,0,1,0,-3.064070095,-1.817263173,0
2011,Zimbabwe,1,29.872,-19,-0.631410812,-1.799466231,0,1,0,-3.111203354,-2.220182249,0
2012,Zimbabwe,1,29.872,-19,-0.631410812,-1.582605572,0,1,0,-2.781270546,-1.817263173,0
2013,Zimbabwe,1,29.872,-19,-0.718980584,-1.582605572,0,1,0,-2.600593056,-1.817263173,0
2014,Zimbabwe,1,29.872,-19,-0.806550357,-1.582605572,0,1,0,-2.058560586,-1.533727527,0
2015,Zimbabwe,1,29.872,-19,-0.368701495,-1.582605572,0,1,0,-1.893594183,-1.220346023,0
2016,Zimbabwe,1,29.872,-19,-0.193561951,-1.582605572,0,1,0,-1.846460924,-1.832186101,0
2017,Zimbabwe,1,29.872,-19,-0.368701495,-0.83226769,0,1,0,-1.390839428,-1.638188028,0
2018,Zimbabwe,1,29.872,-19,-0.368701495,-0.81925605,0,1,0,-1.390839428,-0.421969336,0
2019,Zimbabwe,1,29.872,-19,-0.281131723,-0.728174573,0,1,0,-1.673638977,-0.354816156,0
2006,EU,3,21.22574,48.2361,0.660743963,0.808988496,0,1,5,0.472497194,0.362839552,0
2007,EU,3,21.22574,48.2361,0.771746814,0.825944512,0,1,9,0.494652905,0.72852528,0
2008,EU,3,21.22574,48.2361,0.768166077,0.83442252,0,1,13,0.557897387,0.702942328,0
2009,EU,3,21.22574,48.2361,0.671486174,0.87681256,0,1,23,0.570787982,0.699932569,0
2011,EU,3,21.22574,48.2361,0.58912922,0.851378536,0,1,36,0.608654105,0.896319348,0
2012,EU,3,21.22574,48.2361,0.549741111,0.842900528,0,1,40,0.50029254,0.839133926,0
2013,EU,3,21.22574,48.2361,0.553321849,0.83442252,0,1,48,0.538964325,0.812798534,0
2014,EU,3,21.22574,48.2361,0.567644797,0.83442252,0,1,64,0.581261591,0.95651453,0
2015,EU,3,21.22574,48.2361,0.786069763,0.83442252,0,1,71,0.594957848,0.992631639,0
2016,EU,3,21.22574,48.2361,0.936460723,0.808988496,0,1,71,0.587706888,0.993384078,0
2017,EU,3,21.22574,48.2361,0.943622197,1.085032435,0,1,75,0.642894749,0.903091306,0
2018,EU,3,21.22574,48.2361,0.96510662,1.043829316,0,1,76,0.721446812,0.894062029,0
2019,EU,3,21.22574,48.2361,0.968687357,1.060954892,1,1,76,0.69848544,0.807531456,0.08